Id,District_Name,Crop,Year,Season,Area,Area Units,Production,Production Units,Yield
1,ADILABAD,Arhar/Tur,2013-14,Kharif,39190,Hectare,26296,Tonnes,0.670987497
2,ADILABAD,Arhar/Tur,2013-14,Rabi,1067,Hectare,716,Tonnes,0.6710403
3,ADILABAD,Arhar/Tur,2014-15,Kharif,34731,Hectare,28618,Tonnes,0.823990095
4,ADILABAD,Arhar/Tur,2014-15,Rabi,543,Hectare,447,Tonnes,0.82320442
5,ADILABAD,Arhar/Tur,2015-16,Kharif,37507,Hectare,37807,Tonnes,1.007998507
6,ADILABAD,Arhar/Tur,2015-16,Rabi,419,Hectare,422,Tonnes,1.007159905
7,KARIMNAGAR,Arhar/Tur,2013-14,Kharif,4548,Hectare,3084,Tonnes,0.678100264
8,KARIMNAGAR,Arhar/Tur,2013-14,Rabi,68,Hectare,46,Tonnes,0.676470588
9,KARIMNAGAR,Arhar/Tur,2014-15,Kharif,3126,Hectare,2254,Tonnes,0.721049264
10,KARIMNAGAR,Arhar/Tur,2014-15,Rabi,13,Hectare,9,Tonnes,0.692307692
11,KARIMNAGAR,Arhar/Tur,2015-16,Kharif,3365,Hectare,1316,Tonnes,0.391084695
12,KARIMNAGAR,Arhar/Tur,2015-16,Rabi,94,Hectare,37,Tonnes,0.393617021
13,KHAMMAM,Arhar/Tur,2013-14,Kharif,1981,Hectare,1135,Tonnes,0.572942958
14,KHAMMAM,Arhar/Tur,2013-14,Rabi,83,Hectare,48,Tonnes,0.578313253
15,KHAMMAM,Arhar/Tur,2014-15,Kharif,1873,Hectare,978,Tonnes,0.522156967
16,KHAMMAM,Arhar/Tur,2014-15,Rabi,89,Hectare,46,Tonnes,0.516853933
17,KHAMMAM,Arhar/Tur,2015-16,Kharif,2647,Hectare,1527,Tonnes,0.576879486
18,KHAMMAM,Arhar/Tur,2015-16,Rabi,209,Hectare,121,Tonnes,0.578947368
19,MAHBUBNAGAR,Arhar/Tur,2013-14,Kharif,116002,Hectare,54637,Tonnes,0.4710005
20,MAHBUBNAGAR,Arhar/Tur,2014-15,Kharif,100635,Hectare,45286,Tonnes,0.450002484
21,MAHBUBNAGAR,Arhar/Tur,2015-16,Kharif,115917,Hectare,29791,Tonnes,0.257002855
22,MAHBUBNAGAR,Arhar/Tur,2015-16,Rabi,60,Hectare,15,Tonnes,0.25
23,MEDAK,Arhar/Tur,2013-14,Kharif,26772,Hectare,15447,Tonnes,0.576983416
24,MEDAK,Arhar/Tur,2013-14,Rabi,55,Hectare,32,Tonnes,0.581818182
25,MEDAK,Arhar/Tur,2014-15,Kharif,22001,Hectare,6996,Tonnes,0.317985546
26,MEDAK,Arhar/Tur,2014-15,Rabi,14,Hectare,4,Tonnes,0.285714286
27,MEDAK,Arhar/Tur,2015-16,Kharif,24263,Hectare,8710,Tonnes,0.358982813
28,NALGONDA,Arhar/Tur,2013-14,Kharif,25069,Hectare,14365,Tonnes,0.573018469
29,NALGONDA,Arhar/Tur,2013-14,Rabi,6,Hectare,3,Tonnes,0.5
30,NALGONDA,Arhar/Tur,2014-15,Kharif,15661,Hectare,7470,Tonnes,0.476981036
31,NALGONDA,Arhar/Tur,2014-15,Rabi,28,Hectare,13,Tonnes,0.464285714
32,NALGONDA,Arhar/Tur,2015-16,Kharif,21590,Hectare,9629,Tonnes,0.445993516
33,NALGONDA,Arhar/Tur,2015-16,Rabi,241,Hectare,107,Tonnes,0.443983402
34,NIZAMABAD,Arhar/Tur,2013-14,Kharif,3630,Hectare,2073,Tonnes,0.57107438
35,NIZAMABAD,Arhar/Tur,2014-15,Kharif,3380,Hectare,886,Tonnes,0.262130178
36,NIZAMABAD,Arhar/Tur,2015-16,Kharif,5055,Hectare,2528,Tonnes,0.500098912
37,NIZAMABAD,Arhar/Tur,2015-16,Rabi,5,Hectare,3,Tonnes,0.6
38,RANGAREDDI,Arhar/Tur,2013-14,Kharif,36004,Hectare,15878,Tonnes,0.441006555
39,RANGAREDDI,Arhar/Tur,2014-15,Kharif,31049,Hectare,12451,Tonnes,0.401011305
40,RANGAREDDI,Arhar/Tur,2014-15,Rabi,17,Hectare,7,Tonnes,0.411764706
41,RANGAREDDI,Arhar/Tur,2015-16,Kharif,30274,Hectare,8113,Tonnes,0.26798573
42,RANGAREDDI,Arhar/Tur,2015-16,Rabi,50,Hectare,13,Tonnes,0.26
43,WARANGAL,Arhar/Tur,2013-14,Kharif,8320,Hectare,5400,Tonnes,0.649038462
44,WARANGAL,Arhar/Tur,2013-14,Rabi,119,Hectare,77,Tonnes,0.647058824
45,WARANGAL,Arhar/Tur,2014-15,Kharif,7335,Hectare,3726,Tonnes,0.50797546
46,WARANGAL,Arhar/Tur,2014-15,Rabi,174,Hectare,88,Tonnes,0.505747126
47,WARANGAL,Arhar/Tur,2015-16,Kharif,6896,Hectare,4482,Tonnes,0.649941995
48,WARANGAL,Arhar/Tur,2015-16,Rabi,337,Hectare,219,Tonnes,0.649851632
49,ADILABAD,Bajra,2013-14,Rabi,204,Hectare,192,Tonnes,0.941176471
50,ADILABAD,Bajra,2014-15,Rabi,1582,Hectare,1482,Tonnes,0.936788875
51,ADILABAD,Bajra,2015-16,Rabi,1644,Hectare,1542,Tonnes,0.937956204
52,KARIMNAGAR,Bajra,2013-14,Rabi,1968,Hectare,1854,Tonnes,0.942073171
53,KARIMNAGAR,Bajra,2014-15,Rabi,1503,Hectare,1408,Tonnes,0.936793081
54,KARIMNAGAR,Bajra,2015-16,Rabi,1037,Hectare,973,Tonnes,0.93828351
55,KHAMMAM,Bajra,2013-14,Kharif,2,Hectare,2,Tonnes,1
56,KHAMMAM,Bajra,2013-14,Rabi,6,Hectare,6,Tonnes,1
57,MAHBUBNAGAR,Bajra,2013-14,Kharif,3137,Hectare,2902,Tonnes,0.925087663
58,MAHBUBNAGAR,Bajra,2014-15,Kharif,1582,Hectare,1504,Tonnes,0.950695322
59,MAHBUBNAGAR,Bajra,2015-16,Kharif,1223,Hectare,1166,Tonnes,0.953393295
60,MEDAK,Bajra,2013-14,Kharif,232,Hectare,219,Tonnes,0.943965517
61,MEDAK,Bajra,2014-15,Kharif,294,Hectare,275,Tonnes,0.93537415
62,MEDAK,Bajra,2014-15,Rabi,9,Hectare,8,Tonnes,0.888888889
63,MEDAK,Bajra,2015-16,Kharif,285,Hectare,267,Tonnes,0.936842105
64,NALGONDA,Bajra,2013-14,Kharif,765,Hectare,773,Tonnes,1.010457516
65,NALGONDA,Bajra,2013-14,Rabi,2,Hectare,2,Tonnes,1
66,NALGONDA,Bajra,2014-15,Kharif,41,Hectare,17,Tonnes,0.414634146
67,NALGONDA,Bajra,2015-16,Kharif,53,Hectare,31,Tonnes,0.58490566
68,NALGONDA,Bajra,2015-16,Rabi,2,Hectare,1,Tonnes,0.5
69,NIZAMABAD,Bajra,2013-14,Rabi,6755,Hectare,6363,Tonnes,0.941968912
70,NIZAMABAD,Bajra,2014-15,Rabi,6063,Hectare,5681,Tonnes,0.936994887
71,NIZAMABAD,Bajra,2015-16,Rabi,1581,Hectare,1483,Tonnes,0.938013915
72,RANGAREDDI,Bajra,2013-14,Kharif,145,Hectare,137,Tonnes,0.944827586
73,RANGAREDDI,Bajra,2013-14,Rabi,2,Hectare,2,Tonnes,1
74,RANGAREDDI,Bajra,2014-15,Kharif,51,Hectare,48,Tonnes,0.941176471
75,RANGAREDDI,Bajra,2014-15,Rabi,9,Hectare,8,Tonnes,0.888888889
76,RANGAREDDI,Bajra,2015-16,Kharif,65,Hectare,61,Tonnes,0.938461538
77,WARANGAL,Bajra,2014-15,Kharif,7,Hectare,7,Tonnes,1
78,WARANGAL,Bajra,2014-15,Rabi,77,Hectare,72,Tonnes,0.935064935
79,WARANGAL,Bajra,2015-16,Kharif,6,Hectare,6,Tonnes,1
80,WARANGAL,Bajra,2015-16,Rabi,4,Hectare,4,Tonnes,1
81,ADILABAD,Banana,2014-15,Kharif,11,Hectare,464,Tonnes,42.18181818
82,ADILABAD,Banana,2015-16,Kharif,20,Hectare,957,Tonnes,47.85
83,KARIMNAGAR,Banana,2013-14,Whole Year,14,Hectare,436,Tonnes,31.14285714
84,KARIMNAGAR,Banana,2014-15,Kharif,31,Hectare,1307,Tonnes,42.16129032
85,KARIMNAGAR,Banana,2015-16,Kharif,50,Hectare,2392,Tonnes,47.84
86,KHAMMAM,Banana,2013-14,Whole Year,668,Hectare,20804,Tonnes,31.14371257
87,KHAMMAM,Banana,2014-15,Kharif,358,Hectare,15518,Tonnes,43.34636872
88,KHAMMAM,Banana,2015-16,Kharif,386,Hectare,23093,Tonnes,59.82642487
89,MAHBUBNAGAR,Banana,2015-16,Kharif,2,Hectare,96,Tonnes,48
90,MEDAK,Banana,2013-14,Whole Year,545,Hectare,16973,Tonnes,31.14311927
91,MEDAK,Banana,2014-15,Kharif,904,Hectare,37703,Tonnes,41.70685841
92,MEDAK,Banana,2015-16,Kharif,660,Hectare,26948,Tonnes,40.83030303
93,NALGONDA,Banana,2013-14,Whole Year,11,Hectare,343,Tonnes,31.18181818
94,NALGONDA,Banana,2014-15,Kharif,39,Hectare,1645,Tonnes,42.17948718
95,NALGONDA,Banana,2015-16,Kharif,33,Hectare,1579,Tonnes,47.84848485
96,NIZAMABAD,Banana,2013-14,Whole Year,46,Hectare,1433,Tonnes,31.15217391
97,NIZAMABAD,Banana,2014-15,Kharif,44,Hectare,1856,Tonnes,42.18181818
98,NIZAMABAD,Banana,2015-16,Kharif,98,Hectare,4688,Tonnes,47.83673469
99,RANGAREDDI,Banana,2013-14,Whole Year,63,Hectare,1962,Tonnes,31.14285714
100,RANGAREDDI,Banana,2014-15,Kharif,56,Hectare,2362,Tonnes,42.17857143
101,RANGAREDDI,Banana,2015-16,Kharif,99,Hectare,4736,Tonnes,47.83838384
102,WARANGAL,Banana,2013-14,Whole Year,175,Hectare,5450,Tonnes,31.14285714
103,WARANGAL,Banana,2014-15,Kharif,264,Hectare,11133,Tonnes,42.17045455
104,WARANGAL,Banana,2015-16,Kharif,408,Hectare,19519,Tonnes,47.84068627
105,ADILABAD,Cashewnut,2013-14,Kharif,27,Hectare,17,Tonnes,0.62962963
106,ADILABAD,Cashewnut,2014-15,Kharif,12,Hectare,7,Tonnes,0.583333333
107,KHAMMAM,Cashewnut,2013-14,Kharif,4208,Hectare,2693,Tonnes,0.639971483
108,KHAMMAM,Cashewnut,2014-15,Kharif,4077,Hectare,2283,Tonnes,0.559970567
109,KHAMMAM,Cashewnut,2015-16,Kharif,3036,Hectare,2146,Tonnes,0.70685112
110,ADILABAD,Castor seed,2013-14,Kharif,125,Hectare,88,Tonnes,0.704
111,ADILABAD,Castor seed,2013-14,Rabi,10,Hectare,7,Tonnes,0.7
112,ADILABAD,Castor seed,2014-15,Kharif,91,Hectare,53,Tonnes,0.582417582
113,ADILABAD,Castor seed,2014-15,Rabi,3,Hectare,2,Tonnes,0.666666667
114,ADILABAD,Castor seed,2015-16,Kharif,59,Hectare,21,Tonnes,0.355932203
115,KARIMNAGAR,Castor seed,2013-14,Kharif,13,Hectare,9,Tonnes,0.692307692
116,KARIMNAGAR,Castor seed,2014-15,Kharif,66,Hectare,38,Tonnes,0.575757576
117,KARIMNAGAR,Castor seed,2015-16,Kharif,78,Hectare,28,Tonnes,0.358974359
118,KARIMNAGAR,Castor seed,2015-16,Rabi,21,Hectare,8,Tonnes,0.380952381
119,MAHBUBNAGAR,Castor seed,2013-14,Kharif,71737,Hectare,52727,Tonnes,0.735004252
120,MAHBUBNAGAR,Castor seed,2013-14,Rabi,132,Hectare,97,Tonnes,0.734848485
121,MAHBUBNAGAR,Castor seed,2014-15,Kharif,47574,Hectare,27878,Tonnes,0.585992349
122,MAHBUBNAGAR,Castor seed,2014-15,Rabi,422,Hectare,247,Tonnes,0.585308057
123,MAHBUBNAGAR,Castor seed,2015-16,Kharif,45679,Hectare,16353,Tonnes,0.357998205
124,MAHBUBNAGAR,Castor seed,2015-16,Rabi,178,Hectare,64,Tonnes,0.359550562
125,MEDAK,Castor seed,2013-14,Kharif,172,Hectare,122,Tonnes,0.709302326
126,MEDAK,Castor seed,2013-14,Rabi,1216,Hectare,860,Tonnes,0.707236842
127,MEDAK,Castor seed,2014-15,Kharif,423,Hectare,244,Tonnes,0.576832151
128,MEDAK,Castor seed,2014-15,Rabi,563,Hectare,325,Tonnes,0.577264654
129,MEDAK,Castor seed,2015-16,Kharif,385,Hectare,138,Tonnes,0.358441558
130,MEDAK,Castor seed,2015-16,Rabi,389,Hectare,139,Tonnes,0.357326478
131,NALGONDA,Castor seed,2013-14,Kharif,2950,Hectare,679,Tonnes,0.230169492
132,NALGONDA,Castor seed,2014-15,Kharif,475,Hectare,84,Tonnes,0.176842105
133,NALGONDA,Castor seed,2014-15,Rabi,12,Hectare,2,Tonnes,0.166666667
134,NALGONDA,Castor seed,2015-16,Kharif,226,Hectare,26,Tonnes,0.115044248
135,NALGONDA,Castor seed,2015-16,Rabi,11,Hectare,1,Tonnes,0.090909091
136,NIZAMABAD,Castor seed,2013-14,Kharif,20,Hectare,14,Tonnes,0.7
137,NIZAMABAD,Castor seed,2015-16,Kharif,2,Hectare,1,Tonnes,0.5
138,NIZAMABAD,Castor seed,2015-16,Rabi,2,Hectare,1,Tonnes,0.5
139,RANGAREDDI,Castor seed,2013-14,Kharif,2982,Hectare,1619,Tonnes,0.542924212
140,RANGAREDDI,Castor seed,2014-15,Kharif,749,Hectare,278,Tonnes,0.371161549
141,RANGAREDDI,Castor seed,2015-16,Kharif,592,Hectare,304,Tonnes,0.513513514
142,WARANGAL,Castor seed,2013-14,Kharif,476,Hectare,258,Tonnes,0.542016807
143,WARANGAL,Castor seed,2014-15,Kharif,339,Hectare,149,Tonnes,0.439528024
144,WARANGAL,Castor seed,2015-16,Kharif,352,Hectare,77,Tonnes,0.21875
145,KHAMMAM,Coconut,2013-14,Whole Year,426,Hectare,6924204,Nuts,16254
146,KHAMMAM,Coconut,2014-15,Whole Year,437,Hectare,9222885,Nuts,21105
147,RANGAREDDI,Coconut,2013-14,Whole Year,2,Hectare,32508,Nuts,16254
148,RANGAREDDI,Coconut,2014-15,Whole Year,2,Hectare,42210,Nuts,21105
149,ADILABAD,Coriander,2013-14,Whole Year,283,Hectare,203,Tonnes,0.717314488
150,ADILABAD,Coriander,2014-15,Whole Year,898,Hectare,215,Tonnes,0.239420935
151,ADILABAD,Coriander,2015-16,Rabi,565,Hectare,192,Tonnes,0.339823009
152,KARIMNAGAR,Coriander,2013-14,Whole Year,27,Hectare,19,Tonnes,0.703703704
153,KARIMNAGAR,Coriander,2014-15,Whole Year,15,Hectare,4,Tonnes,0.266666667
154,KARIMNAGAR,Coriander,2015-16,Rabi,8,Hectare,3,Tonnes,0.375
155,MEDAK,Coriander,2013-14,Whole Year,471,Hectare,337,Tonnes,0.715498938
156,MEDAK,Coriander,2014-15,Whole Year,288,Hectare,69,Tonnes,0.239583333
157,MEDAK,Coriander,2015-16,Rabi,137,Hectare,52,Tonnes,0.379562044
158,NALGONDA,Coriander,2013-14,Whole Year,231,Hectare,165,Tonnes,0.714285714
159,NALGONDA,Coriander,2014-15,Whole Year,135,Hectare,32,Tonnes,0.237037037
160,NALGONDA,Coriander,2015-16,Rabi,117,Hectare,28,Tonnes,0.239316239
161,NIZAMABAD,Coriander,2013-14,Whole Year,265,Hectare,190,Tonnes,0.716981132
162,NIZAMABAD,Coriander,2014-15,Whole Year,205,Hectare,49,Tonnes,0.23902439
163,NIZAMABAD,Coriander,2015-16,Kharif,11,Hectare,8,Tonnes,0.727272727
164,NIZAMABAD,Coriander,2015-16,Rabi,125,Hectare,89,Tonnes,0.712
165,RANGAREDDI,Coriander,2013-14,Whole Year,79,Hectare,48,Tonnes,0.607594937
166,RANGAREDDI,Coriander,2014-15,Whole Year,18,Hectare,4,Tonnes,0.222222222
167,RANGAREDDI,Coriander,2015-16,Rabi,13,Hectare,5,Tonnes,0.384615385
168,WARANGAL,Coriander,2013-14,Whole Year,22,Hectare,16,Tonnes,0.727272727
169,WARANGAL,Coriander,2014-15,Whole Year,38,Hectare,9,Tonnes,0.236842105
170,WARANGAL,Coriander,2015-16,Rabi,33,Hectare,13,Tonnes,0.393939394
171,ADILABAD,Cotton(lint),2013-14,Kharif,302845,Hectare,657994,Bales,2.172708811
172,ADILABAD,Cotton(lint),2014-15,Kharif,304424,Hectare,573033,Bales,1.882351589
173,ADILABAD,Cotton(lint),2015-16,Kharif,336448,Hectare,838679,Bales,2.492744793
174,KARIMNAGAR,Cotton(lint),2013-14,Kharif,231378,Hectare,669212,Bales,2.892288809
175,KARIMNAGAR,Cotton(lint),2014-15,Kharif,214586,Hectare,585694,Bales,2.729413848
176,KARIMNAGAR,Cotton(lint),2015-16,Kharif,201244,Hectare,548269,Bales,2.724399237
177,KHAMMAM,Cotton(lint),2013-14,Kharif,175049,Hectare,548747,Bales,3.134819393
178,KHAMMAM,Cotton(lint),2014-15,Kharif,157416,Hectare,484286,Bales,3.076472531
179,KHAMMAM,Cotton(lint),2015-16,Kharif,154994,Hectare,464001,Bales,2.993670723
180,MAHBUBNAGAR,Cotton(lint),2013-14,Kharif,230606,Hectare,477929,Bales,2.072491609
181,MAHBUBNAGAR,Cotton(lint),2014-15,Kharif,237683,Hectare,464509,Bales,1.954321512
182,MAHBUBNAGAR,Cotton(lint),2015-16,Kharif,273989,Hectare,262561,Bales,0.958290296
183,MEDAK,Cotton(lint),2013-14,Kharif,122299,Hectare,299547,Bales,2.449300485
184,MEDAK,Cotton(lint),2014-15,Kharif,133703,Hectare,233587,Bales,1.74705878
185,MEDAK,Cotton(lint),2015-16,Kharif,134239,Hectare,226183,Bales,1.684927629
186,NALGONDA,Cotton(lint),2013-14,Kharif,335976,Hectare,776447,Bales,2.311019239
187,NALGONDA,Cotton(lint),2014-15,Kharif,307792,Hectare,505141,Bales,1.641176509
188,NALGONDA,Cotton(lint),2015-16,Kharif,341655,Hectare,641281,Bales,1.876984092
189,NIZAMABAD,Cotton(lint),2013-14,Kharif,15398,Hectare,30618,Bales,1.988440057
190,NIZAMABAD,Cotton(lint),2014-15,Kharif,15795,Hectare,18861,Bales,1.194112061
191,NIZAMABAD,Cotton(lint),2015-16,Kharif,16658,Hectare,16524,Bales,0.991955817
192,RANGAREDDI,Cotton(lint),2013-14,Kharif,59490,Hectare,139629,Bales,2.347100353
193,RANGAREDDI,Cotton(lint),2014-15,Kharif,63469,Hectare,110511,Bales,1.741180734
194,RANGAREDDI,Cotton(lint),2015-16,Kharif,63008,Hectare,93938,Bales,1.490890046
195,WARANGAL,Cotton(lint),2013-14,Kharif,239789,Hectare,665182,Bales,2.774030502
196,WARANGAL,Cotton(lint),2014-15,Kharif,228057,Hectare,607705,Bales,2.66470663
197,WARANGAL,Cotton(lint),2015-16,Kharif,251021,Hectare,641636,Bales,2.556104868
198,ADILABAD,Cowpea(Lobia),2013-14,Kharif,56,Hectare,27,Tonnes,0.482142857
199,ADILABAD,Cowpea(Lobia),2013-14,Rabi,124,Hectare,102,Tonnes,0.822580645
200,ADILABAD,Cowpea(Lobia),2014-15,Kharif,114,Hectare,105,Tonnes,0.921052632
201,ADILABAD,Cowpea(Lobia),2014-15,Rabi,79,Hectare,78,Tonnes,0.987341772
202,ADILABAD,Cowpea(Lobia),2015-16,Kharif,131,Hectare,69,Tonnes,0.526717557
203,ADILABAD,Cowpea(Lobia),2015-16,Rabi,52,Hectare,139,Tonnes,2.673076923
204,KARIMNAGAR,Cowpea(Lobia),2013-14,Kharif,703,Hectare,286,Tonnes,0.406827881
205,KARIMNAGAR,Cowpea(Lobia),2013-14,Rabi,2566,Hectare,2633,Tonnes,1.026110678
206,KARIMNAGAR,Cowpea(Lobia),2014-15,Kharif,251,Hectare,365,Tonnes,1.454183267
207,KARIMNAGAR,Cowpea(Lobia),2014-15,Rabi,2650,Hectare,4545,Tonnes,1.71509434
208,KARIMNAGAR,Cowpea(Lobia),2015-16,Kharif,306,Hectare,160,Tonnes,0.522875817
209,KARIMNAGAR,Cowpea(Lobia),2015-16,Rabi,1705,Hectare,2228,Tonnes,1.306744868
210,KHAMMAM,Cowpea(Lobia),2013-14,Kharif,15,Hectare,7,Tonnes,0.466666667
211,KHAMMAM,Cowpea(Lobia),2013-14,Rabi,2040,Hectare,1306,Tonnes,0.640196078
212,KHAMMAM,Cowpea(Lobia),2014-15,Rabi,1374,Hectare,1944,Tonnes,1.414847162
213,KHAMMAM,Cowpea(Lobia),2015-16,Rabi,959,Hectare,1175,Tonnes,1.225234619
214,MAHBUBNAGAR,Cowpea(Lobia),2013-14,Kharif,474,Hectare,228,Tonnes,0.481012658
215,MAHBUBNAGAR,Cowpea(Lobia),2013-14,Rabi,81,Hectare,66,Tonnes,0.814814815
216,MAHBUBNAGAR,Cowpea(Lobia),2014-15,Kharif,480,Hectare,253,Tonnes,0.527083333
217,MAHBUBNAGAR,Cowpea(Lobia),2014-15,Rabi,51,Hectare,50,Tonnes,0.980392157
218,MAHBUBNAGAR,Cowpea(Lobia),2015-16,Kharif,625,Hectare,147,Tonnes,0.2352
219,MAHBUBNAGAR,Cowpea(Lobia),2015-16,Rabi,311,Hectare,833,Tonnes,2.678456592
220,MEDAK,Cowpea(Lobia),2013-14,Kharif,581,Hectare,501,Tonnes,0.862306368
221,MEDAK,Cowpea(Lobia),2013-14,Rabi,623,Hectare,510,Tonnes,0.818619583
222,MEDAK,Cowpea(Lobia),2014-15,Kharif,473,Hectare,505,Tonnes,1.067653277
223,MEDAK,Cowpea(Lobia),2014-15,Rabi,491,Hectare,556,Tonnes,1.132382892
224,MEDAK,Cowpea(Lobia),2015-16,Kharif,804,Hectare,602,Tonnes,0.748756219
225,MEDAK,Cowpea(Lobia),2015-16,Rabi,451,Hectare,405,Tonnes,0.898004435
226,NALGONDA,Cowpea(Lobia),2013-14,Rabi,894,Hectare,215,Tonnes,0.24049217
227,NALGONDA,Cowpea(Lobia),2014-15,Rabi,1385,Hectare,302,Tonnes,0.218050542
228,NALGONDA,Cowpea(Lobia),2015-16,Rabi,1176,Hectare,314,Tonnes,0.267006803
229,NIZAMABAD,Cowpea(Lobia),2013-14,Kharif,13,Hectare,6,Tonnes,0.461538462
230,NIZAMABAD,Cowpea(Lobia),2015-16,Rabi,8,Hectare,21,Tonnes,2.625
231,RANGAREDDI,Cowpea(Lobia),2013-14,Kharif,120,Hectare,58,Tonnes,0.483333333
232,RANGAREDDI,Cowpea(Lobia),2013-14,Rabi,324,Hectare,265,Tonnes,0.817901235
233,RANGAREDDI,Cowpea(Lobia),2014-15,Kharif,89,Hectare,67,Tonnes,0.752808989
234,RANGAREDDI,Cowpea(Lobia),2014-15,Rabi,142,Hectare,139,Tonnes,0.978873239
235,RANGAREDDI,Cowpea(Lobia),2015-16,Kharif,35,Hectare,18,Tonnes,0.514285714
236,RANGAREDDI,Cowpea(Lobia),2015-16,Rabi,56,Hectare,150,Tonnes,2.678571429
237,WARANGAL,Cowpea(Lobia),2013-14,Kharif,200,Hectare,96,Tonnes,0.48
238,WARANGAL,Cowpea(Lobia),2013-14,Rabi,1920,Hectare,1572,Tonnes,0.81875
239,WARANGAL,Cowpea(Lobia),2014-15,Kharif,235,Hectare,216,Tonnes,0.919148936
240,WARANGAL,Cowpea(Lobia),2014-15,Rabi,2366,Hectare,771,Tonnes,0.325866441
241,WARANGAL,Cowpea(Lobia),2015-16,Kharif,266,Hectare,139,Tonnes,0.522556391
242,WARANGAL,Cowpea(Lobia),2015-16,Rabi,1303,Hectare,10867,Tonnes,8.339984651
243,ADILABAD,Dry chillies,2013-14,Kharif,1825,Hectare,3533,Tonnes,1.935890411
244,ADILABAD,Dry chillies,2013-14,Rabi,410,Hectare,1800,Tonnes,4.390243902
245,ADILABAD,Dry chillies,2014-15,Kharif,1784,Hectare,1839,Tonnes,1.030829596
246,ADILABAD,Dry chillies,2014-15,Rabi,98,Hectare,402,Tonnes,4.102040816
247,ADILABAD,Dry chillies,2015-16,Kharif,1103,Hectare,1328,Tonnes,1.203989121
248,ADILABAD,Dry chillies,2015-16,Rabi,148,Hectare,405,Tonnes,2.736486486
249,KARIMNAGAR,Dry chillies,2013-14,Kharif,4593,Hectare,12291,Tonnes,2.676028739
250,KARIMNAGAR,Dry chillies,2013-14,Rabi,92,Hectare,404,Tonnes,4.391304348
251,KARIMNAGAR,Dry chillies,2014-15,Kharif,3923,Hectare,9835,Tonnes,2.507009941
252,KARIMNAGAR,Dry chillies,2014-15,Rabi,415,Hectare,1702,Tonnes,4.101204819
253,KARIMNAGAR,Dry chillies,2015-16,Kharif,3502,Hectare,8748,Tonnes,2.498001142
254,KARIMNAGAR,Dry chillies,2015-16,Rabi,229,Hectare,626,Tonnes,2.733624454
255,KHAMMAM,Dry chillies,2013-14,Kharif,19955,Hectare,73335,Tonnes,3.675018792
256,KHAMMAM,Dry chillies,2013-14,Rabi,10152,Hectare,52486,Tonnes,5.17001576
257,KHAMMAM,Dry chillies,2014-15,Kharif,20843,Hectare,78432,Tonnes,3.762989973
258,KHAMMAM,Dry chillies,2014-15,Rabi,5795,Hectare,35645,Tonnes,6.150992235
259,KHAMMAM,Dry chillies,2015-16,Kharif,25194,Hectare,81099,Tonnes,3.21898071
260,KHAMMAM,Dry chillies,2015-16,Rabi,5601,Hectare,14109,Tonnes,2.519014462
261,MAHBUBNAGAR,Dry chillies,2013-14,Kharif,8995,Hectare,29027,Tonnes,3.227015008
262,MAHBUBNAGAR,Dry chillies,2013-14,Rabi,36,Hectare,158,Tonnes,4.388888889
263,MAHBUBNAGAR,Dry chillies,2014-15,Kharif,9883,Hectare,33800,Tonnes,3.420014166
264,MAHBUBNAGAR,Dry chillies,2014-15,Rabi,121,Hectare,496,Tonnes,4.099173554
265,MAHBUBNAGAR,Dry chillies,2015-16,Kharif,10866,Hectare,25068,Tonnes,2.3070127
266,MAHBUBNAGAR,Dry chillies,2015-16,Rabi,185,Hectare,506,Tonnes,2.735135135
267,MEDAK,Dry chillies,2013-14,Kharif,358,Hectare,286,Tonnes,0.798882682
268,MEDAK,Dry chillies,2014-15,Kharif,291,Hectare,134,Tonnes,0.4604811
269,MEDAK,Dry chillies,2015-16,Kharif,366,Hectare,208,Tonnes,0.568306011
270,MEDAK,Dry chillies,2015-16,Rabi,3,Hectare,8,Tonnes,2.666666667
271,NALGONDA,Dry chillies,2013-14,Kharif,4827,Hectare,14578,Tonnes,3.020095297
272,NALGONDA,Dry chillies,2013-14,Rabi,713,Hectare,3130,Tonnes,4.389901823
273,NALGONDA,Dry chillies,2014-15,Kharif,3360,Hectare,9401,Tonnes,2.797916667
274,NALGONDA,Dry chillies,2014-15,Rabi,968,Hectare,3969,Tonnes,4.100206612
275,NALGONDA,Dry chillies,2015-16,Kharif,4804,Hectare,9377,Tonnes,1.951915071
276,NALGONDA,Dry chillies,2015-16,Rabi,482,Hectare,1318,Tonnes,2.734439834
277,NIZAMABAD,Dry chillies,2013-14,Kharif,498,Hectare,1575,Tonnes,3.162650602
278,NIZAMABAD,Dry chillies,2013-14,Rabi,865,Hectare,3797,Tonnes,4.389595376
279,NIZAMABAD,Dry chillies,2014-15,Kharif,497,Hectare,1615,Tonnes,3.249496982
280,NIZAMABAD,Dry chillies,2014-15,Rabi,539,Hectare,2210,Tonnes,4.100185529
281,NIZAMABAD,Dry chillies,2015-16,Kharif,246,Hectare,690,Tonnes,2.804878049
282,NIZAMABAD,Dry chillies,2015-16,Rabi,277,Hectare,757,Tonnes,2.732851986
283,RANGAREDDI,Dry chillies,2013-14,Kharif,444,Hectare,1404,Tonnes,3.162162162
284,RANGAREDDI,Dry chillies,2013-14,Rabi,162,Hectare,711,Tonnes,4.388888889
285,RANGAREDDI,Dry chillies,2014-15,Kharif,290,Hectare,943,Tonnes,3.251724138
286,RANGAREDDI,Dry chillies,2014-15,Rabi,206,Hectare,845,Tonnes,4.101941748
287,RANGAREDDI,Dry chillies,2015-16,Kharif,247,Hectare,692,Tonnes,2.801619433
288,RANGAREDDI,Dry chillies,2015-16,Rabi,118,Hectare,323,Tonnes,2.737288136
289,WARANGAL,Dry chillies,2013-14,Kharif,12883,Hectare,35956,Tonnes,2.790964837
290,WARANGAL,Dry chillies,2013-14,Rabi,12127,Hectare,45306,Tonnes,3.735961079
291,WARANGAL,Dry chillies,2014-15,Kharif,14614,Hectare,44324,Tonnes,3.032982072
292,WARANGAL,Dry chillies,2014-15,Rabi,9647,Hectare,27668,Tonnes,2.868041878
293,WARANGAL,Dry chillies,2015-16,Kharif,18860,Hectare,55543,Tonnes,2.945015907
294,WARANGAL,Dry chillies,2015-16,Rabi,9366,Hectare,26805,Tonnes,2.86194747
295,ADILABAD,Garlic,2015-16,Rabi,107,Hectare,210,Tonnes,1.962616822
296,KARIMNAGAR,Garlic,2015-16,Rabi,6,Hectare,21,Tonnes,3.5
297,MEDAK,Garlic,2015-16,Rabi,109,Hectare,555,Tonnes,5.091743119
298,NIZAMABAD,Garlic,2015-16,Rabi,63,Hectare,223,Tonnes,3.53968254
299,ADILABAD,Ginger,2014-15,Kharif,1,Hectare,8,Tonnes,8
300,KARIMNAGAR,Ginger,2013-14,Kharif,4,Hectare,26,Tonnes,6.5
301,KARIMNAGAR,Ginger,2013-14,Rabi,4,Hectare,26,Tonnes,6.5
302,KARIMNAGAR,Ginger,2015-16,Rabi,4,Hectare,26,Tonnes,6.5
303,MAHBUBNAGAR,Ginger,2014-15,Kharif,1,Hectare,8,Tonnes,8
304,MEDAK,Ginger,2013-14,Kharif,1713,Hectare,12346,Tonnes,7.207238762
305,MEDAK,Ginger,2014-15,Kharif,2164,Hectare,16373,Tonnes,7.566081331
306,MEDAK,Ginger,2015-16,Kharif,1807,Hectare,11780,Tonnes,6.519092418
307,NALGONDA,Ginger,2015-16,Kharif,7,Hectare,46,Tonnes,6.571428571
308,NALGONDA,Ginger,2015-16,Rabi,2,Hectare,13,Tonnes,6.5
309,NIZAMABAD,Ginger,2015-16,Kharif,4,Hectare,26,Tonnes,6.5
310,RANGAREDDI,Ginger,2013-14,Kharif,50,Hectare,331,Tonnes,6.62
311,RANGAREDDI,Ginger,2014-15,Kharif,20,Hectare,151,Tonnes,7.55
312,RANGAREDDI,Ginger,2015-16,Kharif,4,Hectare,10,Tonnes,2.5
313,ADILABAD,Gram,2013-14,Rabi,25325,Hectare,34721,Tonnes,1.371016782
314,ADILABAD,Gram,2014-15,Rabi,12611,Hectare,15070,Tonnes,1.194988502
315,ADILABAD,Gram,2015-16,Rabi,13161,Hectare,15714,Tonnes,1.19398222
316,KARIMNAGAR,Gram,2013-14,Kharif,54,Hectare,73,Tonnes,1.351851852
317,KARIMNAGAR,Gram,2013-14,Rabi,1303,Hectare,1762,Tonnes,1.352264006
318,KARIMNAGAR,Gram,2014-15,Rabi,1719,Hectare,2121,Tonnes,1.233856894
319,KARIMNAGAR,Gram,2015-16,Rabi,1439,Hectare,2029,Tonnes,1.410006949
320,KHAMMAM,Gram,2013-14,Rabi,86,Hectare,148,Tonnes,1.720930233
321,KHAMMAM,Gram,2014-15,Rabi,18,Hectare,25,Tonnes,1.388888889
322,KHAMMAM,Gram,2015-16,Rabi,5,Hectare,4,Tonnes,0.8
323,MAHBUBNAGAR,Gram,2013-14,Rabi,24480,Hectare,45092,Tonnes,1.841993464
324,MAHBUBNAGAR,Gram,2014-15,Rabi,21071,Hectare,37570,Tonnes,1.783019316
325,MAHBUBNAGAR,Gram,2015-16,Rabi,22090,Hectare,6141,Tonnes,0.277999095
326,MEDAK,Gram,2013-14,Rabi,19883,Hectare,31554,Tonnes,1.586983856
327,MEDAK,Gram,2014-15,Rabi,10104,Hectare,10902,Tonnes,1.078978622
328,MEDAK,Gram,2015-16,Rabi,11842,Hectare,12695,Tonnes,1.072031751
329,NALGONDA,Gram,2013-14,Rabi,487,Hectare,836,Tonnes,1.716632444
330,NALGONDA,Gram,2014-15,Rabi,189,Hectare,259,Tonnes,1.37037037
331,NALGONDA,Gram,2015-16,Rabi,226,Hectare,163,Tonnes,0.721238938
332,NIZAMABAD,Gram,2013-14,Rabi,35725,Hectare,73093,Tonnes,2.045990203
333,NIZAMABAD,Gram,2014-15,Rabi,7971,Hectare,9358,Tonnes,1.174005771
334,NIZAMABAD,Gram,2015-16,Rabi,16737,Hectare,8687,Tonnes,0.519029695
335,RANGAREDDI,Gram,2013-14,Rabi,5401,Hectare,6767,Tonnes,1.252916127
336,RANGAREDDI,Gram,2014-15,Rabi,4713,Hectare,4713,Tonnes,1
337,RANGAREDDI,Gram,2015-16,Rabi,3752,Hectare,4247,Tonnes,1.131929638
338,WARANGAL,Gram,2013-14,Rabi,684,Hectare,573,Tonnes,0.837719298
339,WARANGAL,Gram,2014-15,Rabi,941,Hectare,1259,Tonnes,1.337938363
340,WARANGAL,Gram,2015-16,Rabi,594,Hectare,677,Tonnes,1.13973064
341,ADILABAD,Groundnut,2013-14,Kharif,1,Hectare,1,Tonnes,1
342,ADILABAD,Groundnut,2013-14,Rabi,1706,Hectare,2921,Tonnes,1.712192263
343,ADILABAD,Groundnut,2014-15,Rabi,981,Hectare,1877,Tonnes,1.913353721
344,ADILABAD,Groundnut,2015-16,Rabi,1599,Hectare,3561,Tonnes,2.227016886
345,KARIMNAGAR,Groundnut,2013-14,Kharif,133,Hectare,152,Tonnes,1.142857143
346,KARIMNAGAR,Groundnut,2013-14,Rabi,10886,Hectare,16471,Tonnes,1.513044277
347,KARIMNAGAR,Groundnut,2014-15,Kharif,25,Hectare,19,Tonnes,0.76
348,KARIMNAGAR,Groundnut,2014-15,Rabi,6947,Hectare,14366,Tonnes,2.067942997
349,KARIMNAGAR,Groundnut,2015-16,Rabi,5794,Hectare,8453,Tonnes,1.458923024
350,KHAMMAM,Groundnut,2013-14,Kharif,714,Hectare,846,Tonnes,1.18487395
351,KHAMMAM,Groundnut,2013-14,Rabi,5652,Hectare,9738,Tonnes,1.722929936
352,KHAMMAM,Groundnut,2014-15,Kharif,351,Hectare,552,Tonnes,1.572649573
353,KHAMMAM,Groundnut,2014-15,Rabi,4024,Hectare,7662,Tonnes,1.904075547
354,KHAMMAM,Groundnut,2015-16,Kharif,412,Hectare,949,Tonnes,2.303398058
355,KHAMMAM,Groundnut,2015-16,Rabi,5020,Hectare,13730,Tonnes,2.735059761
356,MAHBUBNAGAR,Groundnut,2013-14,Kharif,11039,Hectare,15168,Tonnes,1.374037503
357,MAHBUBNAGAR,Groundnut,2013-14,Rabi,115088,Hectare,205662,Tonnes,1.786997776
358,MAHBUBNAGAR,Groundnut,2014-15,Kharif,6335,Hectare,11384,Tonnes,1.797000789
359,MAHBUBNAGAR,Groundnut,2014-15,Rabi,91063,Hectare,186588,Tonnes,2.048999045
360,MAHBUBNAGAR,Groundnut,2015-16,Kharif,7909,Hectare,11634,Tonnes,1.470982425
361,MAHBUBNAGAR,Groundnut,2015-16,Rabi,71152,Hectare,114484,Tonnes,1.609006072
362,MEDAK,Groundnut,2013-14,Kharif,56,Hectare,50,Tonnes,0.892857143
363,MEDAK,Groundnut,2013-14,Rabi,1399,Hectare,1792,Tonnes,1.280914939
364,MEDAK,Groundnut,2014-15,Kharif,35,Hectare,31,Tonnes,0.885714286
365,MEDAK,Groundnut,2014-15,Rabi,771,Hectare,922,Tonnes,1.195849546
366,MEDAK,Groundnut,2015-16,Kharif,12,Hectare,7,Tonnes,0.583333333
367,MEDAK,Groundnut,2015-16,Rabi,565,Hectare,506,Tonnes,0.895575221
368,NALGONDA,Groundnut,2013-14,Kharif,5404,Hectare,6669,Tonnes,1.234085862
369,NALGONDA,Groundnut,2013-14,Rabi,16057,Hectare,22223,Tonnes,1.384006975
370,NALGONDA,Groundnut,2014-15,Kharif,2563,Hectare,2732,Tonnes,1.065938353
371,NALGONDA,Groundnut,2014-15,Rabi,11809,Hectare,15210,Tonnes,1.288000677
372,NALGONDA,Groundnut,2015-16,Kharif,2647,Hectare,2660,Tonnes,1.00491122
373,NALGONDA,Groundnut,2015-16,Rabi,9123,Hectare,9543,Tonnes,1.046037488
374,NIZAMABAD,Groundnut,2013-14,Rabi,1199,Hectare,2477,Tonnes,2.06588824
375,NIZAMABAD,Groundnut,2014-15,Kharif,22,Hectare,38,Tonnes,1.727272727
376,NIZAMABAD,Groundnut,2014-15,Rabi,861,Hectare,2468,Tonnes,2.866434379
377,NIZAMABAD,Groundnut,2015-16,Rabi,554,Hectare,1471,Tonnes,2.655234657
378,RANGAREDDI,Groundnut,2013-14,Kharif,151,Hectare,142,Tonnes,0.940397351
379,RANGAREDDI,Groundnut,2013-14,Rabi,10632,Hectare,17362,Tonnes,1.632994733
380,RANGAREDDI,Groundnut,2014-15,Kharif,7,Hectare,6,Tonnes,0.857142857
381,RANGAREDDI,Groundnut,2014-15,Rabi,6172,Hectare,9857,Tonnes,1.597051199
382,RANGAREDDI,Groundnut,2015-16,Kharif,19,Hectare,4,Tonnes,0.210526316
383,RANGAREDDI,Groundnut,2015-16,Rabi,3325,Hectare,4007,Tonnes,1.205112782
384,WARANGAL,Groundnut,2013-14,Kharif,3896,Hectare,9043,Tonnes,2.321098563
385,WARANGAL,Groundnut,2013-14,Rabi,26041,Hectare,44426,Tonnes,1.706002074
386,WARANGAL,Groundnut,2014-15,Kharif,3064,Hectare,6771,Tonnes,2.209856397
387,WARANGAL,Groundnut,2014-15,Rabi,19768,Hectare,34752,Tonnes,1.757992715
388,WARANGAL,Groundnut,2015-16,Kharif,2471,Hectare,6249,Tonnes,2.528935654
389,WARANGAL,Groundnut,2015-16,Rabi,17199,Hectare,28654,Tonnes,1.666027095
390,ADILABAD,Horse-gram,2013-14,Rabi,25,Hectare,12,Tonnes,0.48
391,ADILABAD,Horse-gram,2014-15,Rabi,65,Hectare,25,Tonnes,0.384615385
392,ADILABAD,Horse-gram,2015-16,Rabi,24,Hectare,11,Tonnes,0.458333333
393,KARIMNAGAR,Horse-gram,2014-15,Rabi,4,Hectare,2,Tonnes,0.5
394,KARIMNAGAR,Horse-gram,2015-16,Rabi,10,Hectare,4,Tonnes,0.4
395,KHAMMAM,Horse-gram,2013-14,Rabi,37,Hectare,18,Tonnes,0.486486486
396,KHAMMAM,Horse-gram,2014-15,Rabi,16,Hectare,6,Tonnes,0.375
397,KHAMMAM,Horse-gram,2015-16,Rabi,3,Hectare,1,Tonnes,0.333333333
398,MAHBUBNAGAR,Horse-gram,2013-14,Kharif,476,Hectare,296,Tonnes,0.621848739
399,MAHBUBNAGAR,Horse-gram,2013-14,Rabi,632,Hectare,302,Tonnes,0.477848101
400,MAHBUBNAGAR,Horse-gram,2014-15,Kharif,503,Hectare,261,Tonnes,0.51888668
401,MAHBUBNAGAR,Horse-gram,2014-15,Rabi,464,Hectare,177,Tonnes,0.381465517
402,MAHBUBNAGAR,Horse-gram,2015-16,Kharif,384,Hectare,83,Tonnes,0.216145833
403,MAHBUBNAGAR,Horse-gram,2015-16,Rabi,521,Hectare,233,Tonnes,0.447216891
404,MEDAK,Horse-gram,2013-14,Rabi,302,Hectare,144,Tonnes,0.476821192
405,MEDAK,Horse-gram,2014-15,Rabi,273,Hectare,104,Tonnes,0.380952381
406,MEDAK,Horse-gram,2015-16,Kharif,13,Hectare,3,Tonnes,0.230769231
407,MEDAK,Horse-gram,2015-16,Rabi,228,Hectare,102,Tonnes,0.447368421
408,NALGONDA,Horse-gram,2013-14,Rabi,1088,Hectare,520,Tonnes,0.477941176
409,NALGONDA,Horse-gram,2014-15,Rabi,634,Hectare,242,Tonnes,0.38170347
410,NALGONDA,Horse-gram,2015-16,Rabi,497,Hectare,223,Tonnes,0.448692153
411,NIZAMABAD,Horse-gram,2013-14,Kharif,12,Hectare,7,Tonnes,0.583333333
412,NIZAMABAD,Horse-gram,2015-16,Rabi,3,Hectare,1,Tonnes,0.333333333
413,RANGAREDDI,Horse-gram,2013-14,Kharif,19,Hectare,12,Tonnes,0.631578947
414,RANGAREDDI,Horse-gram,2013-14,Rabi,96,Hectare,46,Tonnes,0.479166667
415,RANGAREDDI,Horse-gram,2014-15,Kharif,26,Hectare,13,Tonnes,0.5
416,RANGAREDDI,Horse-gram,2014-15,Rabi,43,Hectare,16,Tonnes,0.372093023
417,RANGAREDDI,Horse-gram,2015-16,Kharif,113,Hectare,24,Tonnes,0.212389381
418,RANGAREDDI,Horse-gram,2015-16,Rabi,94,Hectare,42,Tonnes,0.446808511
419,WARANGAL,Horse-gram,2013-14,Rabi,257,Hectare,123,Tonnes,0.478599222
420,WARANGAL,Horse-gram,2014-15,Rabi,279,Hectare,107,Tonnes,0.383512545
421,WARANGAL,Horse-gram,2015-16,Rabi,150,Hectare,67,Tonnes,0.446666667
422,ADILABAD,Jowar,2013-14,Kharif,15410,Hectare,13669,Tonnes,0.887021415
423,ADILABAD,Jowar,2013-14,Rabi,10721,Hectare,7987,Tonnes,0.744986475
424,ADILABAD,Jowar,2014-15,Kharif,10338,Hectare,10276,Tonnes,0.994002708
425,ADILABAD,Jowar,2014-15,Rabi,9787,Hectare,7448,Tonnes,0.761009502
426,ADILABAD,Jowar,2015-16,Kharif,9753,Hectare,11440,Tonnes,1.172972419
427,ADILABAD,Jowar,2015-16,Rabi,8629,Hectare,6998,Tonnes,0.810986209
428,KARIMNAGAR,Jowar,2013-14,Rabi,124,Hectare,151,Tonnes,1.217741935
429,KARIMNAGAR,Jowar,2014-15,Kharif,4,Hectare,4,Tonnes,1
430,KARIMNAGAR,Jowar,2014-15,Rabi,1271,Hectare,1940,Tonnes,1.526357199
431,KARIMNAGAR,Jowar,2015-16,Rabi,52,Hectare,98,Tonnes,1.884615385
432,KHAMMAM,Jowar,2013-14,Rabi,358,Hectare,341,Tonnes,0.952513966
433,KHAMMAM,Jowar,2014-15,Kharif,1,Hectare,1,Tonnes,1
434,KHAMMAM,Jowar,2014-15,Rabi,529,Hectare,599,Tonnes,1.132325142
435,KHAMMAM,Jowar,2015-16,Rabi,235,Hectare,188,Tonnes,0.8
436,MAHBUBNAGAR,Jowar,2013-14,Kharif,30387,Hectare,36282,Tonnes,1.193997433
437,MAHBUBNAGAR,Jowar,2013-14,Rabi,6829,Hectare,5709,Tonnes,0.835993557
438,MAHBUBNAGAR,Jowar,2014-15,Kharif,18420,Hectare,21625,Tonnes,1.173995657
439,MAHBUBNAGAR,Jowar,2014-15,Rabi,6337,Hectare,5792,Tonnes,0.91399716
440,MAHBUBNAGAR,Jowar,2015-16,Kharif,19688,Hectare,20279,Tonnes,1.030018285
441,MAHBUBNAGAR,Jowar,2015-16,Rabi,6270,Hectare,5091,Tonnes,0.811961722
442,MEDAK,Jowar,2013-14,Kharif,10194,Hectare,11907,Tonnes,1.168040024
443,MEDAK,Jowar,2013-14,Rabi,7584,Hectare,7705,Tonnes,1.015954641
444,MEDAK,Jowar,2014-15,Kharif,7006,Hectare,7714,Tonnes,1.101056238
445,MEDAK,Jowar,2014-15,Rabi,5027,Hectare,5022,Tonnes,0.999005371
446,MEDAK,Jowar,2015-16,Kharif,7972,Hectare,9271,Tonnes,1.162945309
447,MEDAK,Jowar,2015-16,Rabi,6711,Hectare,5315,Tonnes,0.791983311
448,NALGONDA,Jowar,2013-14,Kharif,3291,Hectare,2070,Tonnes,0.628988149
449,NALGONDA,Jowar,2013-14,Rabi,1278,Hectare,723,Tonnes,0.5657277
450,NALGONDA,Jowar,2014-15,Kharif,815,Hectare,267,Tonnes,0.327607362
451,NALGONDA,Jowar,2014-15,Rabi,1077,Hectare,376,Tonnes,0.34911792
452,NALGONDA,Jowar,2015-16,Kharif,1225,Hectare,572,Tonnes,0.466938776
453,NALGONDA,Jowar,2015-16,Rabi,937,Hectare,231,Tonnes,0.246531483
454,NIZAMABAD,Jowar,2013-14,Kharif,357,Hectare,328,Tonnes,0.918767507
455,NIZAMABAD,Jowar,2013-14,Rabi,3978,Hectare,4813,Tonnes,1.209904475
456,NIZAMABAD,Jowar,2014-15,Kharif,617,Hectare,357,Tonnes,0.578606159
457,NIZAMABAD,Jowar,2014-15,Rabi,7245,Hectare,11063,Tonnes,1.526984127
458,NIZAMABAD,Jowar,2015-16,Kharif,825,Hectare,498,Tonnes,0.603636364
459,NIZAMABAD,Jowar,2015-16,Rabi,4885,Hectare,4377,Tonnes,0.896008188
460,RANGAREDDI,Jowar,2013-14,Kharif,11019,Hectare,12485,Tonnes,1.133042926
461,RANGAREDDI,Jowar,2013-14,Rabi,3640,Hectare,3338,Tonnes,0.917032967
462,RANGAREDDI,Jowar,2014-15,Kharif,5281,Hectare,6680,Tonnes,1.264911948
463,RANGAREDDI,Jowar,2014-15,Rabi,2763,Hectare,2429,Tonnes,0.879116902
464,RANGAREDDI,Jowar,2015-16,Kharif,5673,Hectare,8447,Tonnes,1.488982901
465,RANGAREDDI,Jowar,2015-16,Rabi,2117,Hectare,2089,Tonnes,0.986773736
466,WARANGAL,Jowar,2013-14,Kharif,175,Hectare,127,Tonnes,0.725714286
467,WARANGAL,Jowar,2013-14,Rabi,1819,Hectare,1250,Tonnes,0.687190764
468,WARANGAL,Jowar,2014-15,Kharif,134,Hectare,72,Tonnes,0.537313433
469,WARANGAL,Jowar,2014-15,Rabi,2349,Hectare,1602,Tonnes,0.681992337
470,WARANGAL,Jowar,2015-16,Kharif,25,Hectare,20,Tonnes,0.8
471,WARANGAL,Jowar,2015-16,Rabi,1361,Hectare,789,Tonnes,0.579720794
472,ADILABAD,Linseed,2013-14,Rabi,118,Hectare,58,Tonnes,0.491525424
473,MEDAK,Linseed,2013-14,Rabi,111,Hectare,54,Tonnes,0.486486486
474,MEDAK,Linseed,2014-15,Rabi,45,Hectare,18,Tonnes,0.4
475,MEDAK,Linseed,2015-16,Rabi,7,Hectare,3,Tonnes,0.428571429
476,ADILABAD,Maize,2013-14,Kharif,9947,Hectare,34009,Tonnes,3.41902081
477,ADILABAD,Maize,2013-14,Rabi,12874,Hectare,52050,Tonnes,4.043032469
478,ADILABAD,Maize,2014-15,Kharif,9764,Hectare,25601,Tonnes,2.621978697
479,ADILABAD,Maize,2014-15,Rabi,13614,Hectare,43156,Tonnes,3.169972088
480,ADILABAD,Maize,2015-16,Kharif,11181,Hectare,34885,Tonnes,3.120025042
481,ADILABAD,Maize,2015-16,Rabi,10233,Hectare,38517,Tonnes,3.763998827
482,KARIMNAGAR,Maize,2013-14,Kharif,62879,Hectare,322506,Tonnes,5.128993782
483,KARIMNAGAR,Maize,2013-14,Rabi,51457,Hectare,302104,Tonnes,5.870999087
484,KARIMNAGAR,Maize,2014-15,Kharif,53598,Hectare,245318,Tonnes,4.576999142
485,KARIMNAGAR,Maize,2014-15,Rabi,54493,Hectare,296987,Tonnes,5.450002753
486,KARIMNAGAR,Maize,2015-16,Kharif,45611,Hectare,186868,Tonnes,4.096994146
487,KARIMNAGAR,Maize,2015-16,Rabi,39338,Hectare,189452,Tonnes,4.816004881
488,KHAMMAM,Maize,2013-14,Kharif,18361,Hectare,88133,Tonnes,4.800010893
489,KHAMMAM,Maize,2013-14,Rabi,18883,Hectare,115564,Tonnes,6.120002118
490,KHAMMAM,Maize,2014-15,Kharif,16750,Hectare,56330,Tonnes,3.362985075
491,KHAMMAM,Maize,2014-15,Rabi,16045,Hectare,104694,Tonnes,6.525023372
492,KHAMMAM,Maize,2015-16,Kharif,11348,Hectare,41466,Tonnes,3.654035953
493,KHAMMAM,Maize,2015-16,Rabi,9279,Hectare,60638,Tonnes,6.534971441
494,MAHBUBNAGAR,Maize,2013-14,Kharif,161171,Hectare,762178,Tonnes,4.729002116
495,MAHBUBNAGAR,Maize,2013-14,Rabi,4496,Hectare,24517,Tonnes,5.453069395
496,MAHBUBNAGAR,Maize,2014-15,Kharif,176277,Hectare,317122,Tonnes,1.798998168
497,MAHBUBNAGAR,Maize,2014-15,Rabi,6216,Hectare,32242,Tonnes,5.186936937
498,MAHBUBNAGAR,Maize,2015-16,Kharif,159806,Hectare,202954,Tonnes,1.270002378
499,MAHBUBNAGAR,Maize,2015-16,Rabi,2757,Hectare,10929,Tonnes,3.964091404
500,MEDAK,Maize,2013-14,Kharif,125391,Hectare,458931,Tonnes,3.659999521
501,MEDAK,Maize,2013-14,Rabi,17990,Hectare,74479,Tonnes,4.140022235
502,MEDAK,Maize,2014-15,Kharif,110476,Hectare,170464,Tonnes,1.542995764
503,MEDAK,Maize,2014-15,Rabi,17149,Hectare,56043,Tonnes,3.268003965
504,MEDAK,Maize,2015-16,Kharif,102855,Hectare,218053,Tonnes,2.120003889
505,MEDAK,Maize,2015-16,Rabi,13556,Hectare,41048,Tonnes,3.028031868
506,NALGONDA,Maize,2013-14,Kharif,4313,Hectare,5301,Tonnes,1.22907489
507,NALGONDA,Maize,2013-14,Rabi,509,Hectare,2776,Tonnes,5.453831041
508,NALGONDA,Maize,2014-15,Kharif,2869,Hectare,2163,Tonnes,0.753921227
509,NALGONDA,Maize,2014-15,Rabi,977,Hectare,5181,Tonnes,5.30296827
510,NALGONDA,Maize,2015-16,Kharif,2251,Hectare,1567,Tonnes,0.696135051
511,NALGONDA,Maize,2015-16,Rabi,289,Hectare,1439,Tonnes,4.979238754
512,NIZAMABAD,Maize,2013-14,Kharif,52837,Hectare,262494,Tonnes,4.967995912
513,NIZAMABAD,Maize,2013-14,Rabi,39813,Hectare,233344,Tonnes,5.861000176
514,NIZAMABAD,Maize,2014-15,Kharif,39136,Hectare,191688,Tonnes,4.897996729
515,NIZAMABAD,Maize,2014-15,Rabi,18518,Hectare,92312,Tonnes,4.98498758
516,NIZAMABAD,Maize,2015-16,Kharif,32976,Hectare,146578,Tonnes,4.444990296
517,NIZAMABAD,Maize,2015-16,Rabi,9080,Hectare,33151,Tonnes,3.650991189
518,RANGAREDDI,Maize,2013-14,Kharif,46979,Hectare,162406,Tonnes,3.456991422
519,RANGAREDDI,Maize,2013-14,Rabi,2391,Hectare,13038,Tonnes,5.452948557
520,RANGAREDDI,Maize,2014-15,Kharif,45795,Hectare,131935,Tonnes,2.880991375
521,RANGAREDDI,Maize,2014-15,Rabi,2405,Hectare,11169,Tonnes,4.644074844
522,RANGAREDDI,Maize,2015-16,Kharif,45140,Hectare,171126,Tonnes,3.79100576
523,RANGAREDDI,Maize,2015-16,Rabi,2252,Hectare,10733,Tonnes,4.76598579
524,WARANGAL,Maize,2013-14,Kharif,71019,Hectare,340891,Tonnes,4.799997184
525,WARANGAL,Maize,2013-14,Rabi,48909,Hectare,256772,Tonnes,5.249994888
526,WARANGAL,Maize,2014-15,Kharif,67200,Hectare,267994,Tonnes,3.988005952
527,WARANGAL,Maize,2014-15,Rabi,40189,Hectare,257652,Tonnes,6.411007987
528,WARANGAL,Maize,2015-16,Kharif,43140,Hectare,157763,Tonnes,3.657000464
529,WARANGAL,Maize,2015-16,Rabi,31702,Hectare,203907,Tonnes,6.431991672
530,MEDAK,Masoor,2013-14,Rabi,382,Hectare,196,Tonnes,0.513089005
531,MEDAK,Masoor,2014-15,Rabi,54,Hectare,21,Tonnes,0.388888889
532,MEDAK,Masoor,2015-16,Rabi,46,Hectare,16,Tonnes,0.347826087
533,KHAMMAM,Mesta,2013-14,Kharif,7,Hectare,64,Bales,9.142857143
534,KHAMMAM,Mesta,2013-14,Rabi,85,Hectare,780,Bales,9.176470588
535,KHAMMAM,Mesta,2014-15,Kharif,7,Hectare,50,Bales,7.142857143
536,KHAMMAM,Mesta,2014-15,Rabi,170,Hectare,1205,Bales,7.088235294
537,MEDAK,Mesta,2013-14,Kharif,18,Hectare,165,Bales,9.166666667
538,ADILABAD,Moong(Green Gram),2013-14,Kharif,6413,Hectare,3117,Tonnes,0.486043973
539,ADILABAD,Moong(Green Gram),2013-14,Rabi,2403,Hectare,2033,Tonnes,0.846025801
540,ADILABAD,Moong(Green Gram),2014-15,Kharif,5973,Hectare,3440,Tonnes,0.575924996
541,ADILABAD,Moong(Green Gram),2014-15,Rabi,2351,Hectare,1521,Tonnes,0.646958741
542,ADILABAD,Moong(Green Gram),2015-16,Kharif,5548,Hectare,3290,Tonnes,0.593006489
543,ADILABAD,Moong(Green Gram),2015-16,Rabi,1295,Hectare,882,Tonnes,0.681081081
544,KARIMNAGAR,Moong(Green Gram),2013-14,Kharif,4667,Hectare,2488,Tonnes,0.533104778
545,KARIMNAGAR,Moong(Green Gram),2013-14,Rabi,4470,Hectare,4157,Tonnes,0.929977629
546,KARIMNAGAR,Moong(Green Gram),2014-15,Kharif,3044,Hectare,1129,Tonnes,0.370893561
547,KARIMNAGAR,Moong(Green Gram),2014-15,Rabi,4308,Hectare,2537,Tonnes,0.588904364
548,KARIMNAGAR,Moong(Green Gram),2015-16,Kharif,3258,Hectare,2271,Tonnes,0.697053407
549,KARIMNAGAR,Moong(Green Gram),2015-16,Rabi,2704,Hectare,2090,Tonnes,0.772928994
550,KHAMMAM,Moong(Green Gram),2013-14,Kharif,5688,Hectare,3697,Tonnes,0.649964838
551,KHAMMAM,Moong(Green Gram),2013-14,Rabi,2714,Hectare,2635,Tonnes,0.970891673
552,KHAMMAM,Moong(Green Gram),2014-15,Kharif,4845,Hectare,2423,Tonnes,0.500103199
553,KHAMMAM,Moong(Green Gram),2014-15,Rabi,6403,Hectare,3631,Tonnes,0.567077932
554,KHAMMAM,Moong(Green Gram),2015-16,Kharif,6739,Hectare,4488,Tonnes,0.66597418
555,KHAMMAM,Moong(Green Gram),2015-16,Rabi,3868,Hectare,3110,Tonnes,0.804033092
556,MAHBUBNAGAR,Moong(Green Gram),2013-14,Kharif,11247,Hectare,5747,Tonnes,0.510980706
557,MAHBUBNAGAR,Moong(Green Gram),2013-14,Rabi,25,Hectare,23,Tonnes,0.92
558,MAHBUBNAGAR,Moong(Green Gram),2014-15,Kharif,4759,Hectare,1780,Tonnes,0.374028157
559,MAHBUBNAGAR,Moong(Green Gram),2014-15,Rabi,78,Hectare,46,Tonnes,0.58974359
560,MAHBUBNAGAR,Moong(Green Gram),2015-16,Kharif,9204,Hectare,653,Tonnes,0.070947414
561,MAHBUBNAGAR,Moong(Green Gram),2015-16,Rabi,736,Hectare,569,Tonnes,0.773097826
562,MEDAK,Moong(Green Gram),2013-14,Kharif,23737,Hectare,15904,Tonnes,0.670008847
563,MEDAK,Moong(Green Gram),2013-14,Rabi,1,Hectare,1,Tonnes,1
564,MEDAK,Moong(Green Gram),2014-15,Kharif,14940,Hectare,8232,Tonnes,0.551004016
565,MEDAK,Moong(Green Gram),2014-15,Rabi,57,Hectare,34,Tonnes,0.596491228
566,MEDAK,Moong(Green Gram),2015-16,Kharif,25154,Hectare,10162,Tonnes,0.403991413
567,MEDAK,Moong(Green Gram),2015-16,Rabi,78,Hectare,60,Tonnes,0.769230769
568,NALGONDA,Moong(Green Gram),2013-14,Kharif,25527,Hectare,13963,Tonnes,0.546989462
569,NALGONDA,Moong(Green Gram),2013-14,Rabi,107,Hectare,100,Tonnes,0.934579439
570,NALGONDA,Moong(Green Gram),2014-15,Kharif,8844,Hectare,2574,Tonnes,0.291044776
571,NALGONDA,Moong(Green Gram),2014-15,Rabi,126,Hectare,74,Tonnes,0.587301587
572,NALGONDA,Moong(Green Gram),2015-16,Kharif,21612,Hectare,11346,Tonnes,0.524986119
573,NALGONDA,Moong(Green Gram),2015-16,Rabi,261,Hectare,202,Tonnes,0.77394636
574,NIZAMABAD,Moong(Green Gram),2013-14,Kharif,6789,Hectare,5221,Tonnes,0.76903815
575,NIZAMABAD,Moong(Green Gram),2013-14,Rabi,556,Hectare,517,Tonnes,0.929856115
576,NIZAMABAD,Moong(Green Gram),2014-15,Kharif,5761,Hectare,1895,Tonnes,0.328935949
577,NIZAMABAD,Moong(Green Gram),2014-15,Rabi,891,Hectare,525,Tonnes,0.589225589
578,NIZAMABAD,Moong(Green Gram),2015-16,Kharif,5018,Hectare,1566,Tonnes,0.312076525
579,NIZAMABAD,Moong(Green Gram),2015-16,Rabi,924,Hectare,714,Tonnes,0.772727273
580,RANGAREDDI,Moong(Green Gram),2013-14,Kharif,6378,Hectare,5574,Tonnes,0.873941675
581,RANGAREDDI,Moong(Green Gram),2014-15,Kharif,3965,Hectare,2569,Tonnes,0.647919294
582,RANGAREDDI,Moong(Green Gram),2015-16,Kharif,4874,Hectare,2461,Tonnes,0.504924087
583,RANGAREDDI,Moong(Green Gram),2015-16,Rabi,20,Hectare,15,Tonnes,0.75
584,WARANGAL,Moong(Green Gram),2013-14,Kharif,20505,Hectare,17778,Tonnes,0.867008047
585,WARANGAL,Moong(Green Gram),2013-14,Rabi,2240,Hectare,2083,Tonnes,0.929910714
586,WARANGAL,Moong(Green Gram),2014-15,Kharif,17717,Hectare,10506,Tonnes,0.592989784
587,WARANGAL,Moong(Green Gram),2014-15,Rabi,3290,Hectare,1938,Tonnes,0.589057751
588,WARANGAL,Moong(Green Gram),2015-16,Kharif,17226,Hectare,11145,Tonnes,0.646987113
589,WARANGAL,Moong(Green Gram),2015-16,Rabi,1950,Hectare,1507,Tonnes,0.772820513
590,ADILABAD,Oilseeds total,2015-16,Kharif,96812,Hectare,96402,Tonnes,0.995764988
591,ADILABAD,Oilseeds total,2015-16,Rabi,5816,Hectare,4827,Tonnes,0.829951857
592,KARIMNAGAR,Oilseeds total,2015-16,Kharif,9406,Hectare,11949,Tonnes,1.270359345
593,KARIMNAGAR,Oilseeds total,2015-16,Rabi,10467,Hectare,11413,Tonnes,1.090379287
594,KHAMMAM,Oilseeds total,2015-16,Kharif,4284,Hectare,80928,Tonnes,18.8907563
595,KHAMMAM,Oilseeds total,2015-16,Rabi,5421,Hectare,13923,Tonnes,2.568345324
596,MAHBUBNAGAR,Oilseeds total,2015-16,Kharif,54972,Hectare,28802,Tonnes,0.52393946
597,MAHBUBNAGAR,Oilseeds total,2015-16,Rabi,71967,Hectare,115221,Tonnes,1.60102547
598,MEDAK,Oilseeds total,2015-16,Kharif,26640,Hectare,24995,Tonnes,0.938250751
599,MEDAK,Oilseeds total,2015-16,Rabi,8467,Hectare,9751,Tonnes,1.151647573
600,NALGONDA,Oilseeds total,2015-16,Kharif,3409,Hectare,6032,Tonnes,1.769433852
601,NALGONDA,Oilseeds total,2015-16,Rabi,9147,Hectare,9558,Tonnes,1.044932765
602,NIZAMABAD,Oilseeds total,2015-16,Kharif,109591,Hectare,116932,Tonnes,1.066985428
603,NIZAMABAD,Oilseeds total,2015-16,Rabi,8561,Hectare,6680,Tonnes,0.780282677
604,RANGAREDDI,Oilseeds total,2015-16,Kharif,2110,Hectare,1689,Tonnes,0.800473934
605,RANGAREDDI,Oilseeds total,2015-16,Rabi,3840,Hectare,4456,Tonnes,1.160416667
606,WARANGAL,Oilseeds total,2015-16,Kharif,5237,Hectare,6556,Tonnes,1.251861753
607,WARANGAL,Oilseeds total,2015-16,Rabi,17369,Hectare,28734,Tonnes,1.654326674
608,ADILABAD,Onion,2013-14,Rabi,407,Hectare,13568,Tonnes,33.33660934
609,ADILABAD,Onion,2014-15,Kharif,9,Hectare,140,Tonnes,15.55555556
610,ADILABAD,Onion,2014-15,Rabi,366,Hectare,9997,Tonnes,27.31420765
611,ADILABAD,Onion,2015-16,Kharif,5,Hectare,71,Tonnes,14.2
612,ADILABAD,Onion,2015-16,Rabi,443,Hectare,13354,Tonnes,30.14446953
613,KARIMNAGAR,Onion,2013-14,Rabi,669,Hectare,17777,Tonnes,26.57249626
614,KARIMNAGAR,Onion,2014-15,Kharif,18,Hectare,280,Tonnes,15.55555556
615,KARIMNAGAR,Onion,2014-15,Rabi,551,Hectare,15051,Tonnes,27.31578947
616,KARIMNAGAR,Onion,2015-16,Kharif,11,Hectare,155,Tonnes,14.09090909
617,KARIMNAGAR,Onion,2015-16,Rabi,513,Hectare,15464,Tonnes,30.14424951
618,KHAMMAM,Onion,2013-14,Kharif,1,Hectare,19,Tonnes,19
619,KHAMMAM,Onion,2014-15,Kharif,1,Hectare,16,Tonnes,16
620,KHAMMAM,Onion,2014-15,Rabi,3,Hectare,82,Tonnes,27.33333333
621,KHAMMAM,Onion,2015-16,Kharif,5,Hectare,71,Tonnes,14.2
622,KHAMMAM,Onion,2015-16,Rabi,7,Hectare,211,Tonnes,30.14285714
623,MAHBUBNAGAR,Onion,2013-14,Kharif,3289,Hectare,61850,Tonnes,18.80510794
624,MAHBUBNAGAR,Onion,2013-14,Rabi,1050,Hectare,35003,Tonnes,33.33619048
625,MAHBUBNAGAR,Onion,2014-15,Kharif,5102,Hectare,80300,Tonnes,15.73892591
626,MAHBUBNAGAR,Onion,2014-15,Rabi,907,Hectare,18882,Tonnes,20.81808159
627,MAHBUBNAGAR,Onion,2015-16,Kharif,4694,Hectare,67617,Tonnes,14.40498509
628,MAHBUBNAGAR,Onion,2015-16,Rabi,1280,Hectare,29939,Tonnes,23.38984375
629,MEDAK,Onion,2013-14,Kharif,256,Hectare,4814,Tonnes,18.8046875
630,MEDAK,Onion,2013-14,Rabi,3722,Hectare,165729,Tonnes,44.52686728
631,MEDAK,Onion,2014-15,Kharif,148,Hectare,2301,Tonnes,15.5472973
632,MEDAK,Onion,2014-15,Rabi,2543,Hectare,68536,Tonnes,26.95084546
633,MEDAK,Onion,2015-16,Kharif,296,Hectare,4183,Tonnes,14.13175676
634,MEDAK,Onion,2015-16,Rabi,4134,Hectare,151825,Tonnes,36.7259313
635,NALGONDA,Onion,2013-14,Rabi,3,Hectare,100,Tonnes,33.33333333
636,NALGONDA,Onion,2014-15,Rabi,1,Hectare,27,Tonnes,27
637,NALGONDA,Onion,2015-16,Rabi,6,Hectare,181,Tonnes,30.16666667
638,NIZAMABAD,Onion,2013-14,Kharif,25,Hectare,470,Tonnes,18.8
639,NIZAMABAD,Onion,2013-14,Rabi,2736,Hectare,77390,Tonnes,28.28581871
640,NIZAMABAD,Onion,2014-15,Kharif,34,Hectare,528,Tonnes,15.52941176
641,NIZAMABAD,Onion,2014-15,Rabi,2244,Hectare,68628,Tonnes,30.5828877
642,NIZAMABAD,Onion,2015-16,Kharif,11,Hectare,155,Tonnes,14.09090909
643,NIZAMABAD,Onion,2015-16,Rabi,1584,Hectare,35965,Tonnes,22.70517677
644,RANGAREDDI,Onion,2013-14,Kharif,409,Hectare,7691,Tonnes,18.80440098
645,RANGAREDDI,Onion,2013-14,Rabi,2015,Hectare,43858,Tonnes,21.76575682
646,RANGAREDDI,Onion,2014-15,Kharif,240,Hectare,2740,Tonnes,11.41666667
647,RANGAREDDI,Onion,2014-15,Rabi,1579,Hectare,42614,Tonnes,26.98796707
648,RANGAREDDI,Onion,2015-16,Kharif,241,Hectare,2115,Tonnes,8.77593361
649,RANGAREDDI,Onion,2015-16,Rabi,2194,Hectare,59363,Tonnes,27.05697356
650,WARANGAL,Onion,2013-14,Kharif,4,Hectare,75,Tonnes,18.75
651,WARANGAL,Onion,2013-14,Rabi,192,Hectare,6401,Tonnes,33.33854167
652,WARANGAL,Onion,2014-15,Rabi,173,Hectare,4725,Tonnes,27.31213873
653,WARANGAL,Onion,2015-16,Kharif,6,Hectare,85,Tonnes,14.16666667
654,WARANGAL,Onion,2015-16,Rabi,301,Hectare,9074,Tonnes,30.1461794
655,ADILABAD,Other Rabi pulses,2014-15,Rabi,12,Hectare,4,Tonnes,0.333333333
656,ADILABAD,Other Rabi pulses,2015-16,Rabi,5,Hectare,1,Tonnes,0.2
657,KARIMNAGAR,Other Rabi pulses,2013-14,Rabi,25,Hectare,30,Tonnes,1.2
658,KARIMNAGAR,Other Rabi pulses,2014-15,Rabi,42,Hectare,84,Tonnes,2
659,NIZAMABAD,Other Rabi pulses,2013-14,Rabi,442,Hectare,630,Tonnes,1.425339367
660,NIZAMABAD,Other Rabi pulses,2014-15,Rabi,53,Hectare,53,Tonnes,1
661,NIZAMABAD,Other Rabi pulses,2015-16,Rabi,49,Hectare,20,Tonnes,0.408163265
662,ADILABAD,Other Kharif pulses,2013-14,Kharif,283,Hectare,74,Tonnes,0.261484099
663,ADILABAD,Other Kharif pulses,2014-15,Kharif,96,Hectare,33,Tonnes,0.34375
664,ADILABAD,Other Kharif pulses,2015-16,Kharif,29,Hectare,7,Tonnes,0.24137931
665,KARIMNAGAR,Other Kharif pulses,2013-14,Kharif,8,Hectare,2,Tonnes,0.25
666,KARIMNAGAR,Other Kharif pulses,2014-15,Kharif,11,Hectare,6,Tonnes,0.545454545
667,KARIMNAGAR,Other Kharif pulses,2015-16,Kharif,17,Hectare,6,Tonnes,0.352941176
668,MEDAK,Other Kharif pulses,2013-14,Kharif,55,Hectare,33,Tonnes,0.6
669,MEDAK,Other Kharif pulses,2014-15,Kharif,39,Hectare,36,Tonnes,0.923076923
670,MEDAK,Other Kharif pulses,2015-16,Kharif,54,Hectare,24,Tonnes,0.444444444
671,KHAMMAM,other oilseeds,2013-14,Kharif,3494,Hectare,44021,Tonnes,12.5990269
672,KHAMMAM,other oilseeds,2014-15,Kharif,3319,Hectare,89158,Tonnes,26.86291052
673,KHAMMAM,other oilseeds,2015-16,Kharif,3739,Hectare,79947,Tonnes,21.3819203
674,MEDAK,other oilseeds,2013-14,Kharif,32,Hectare,55,Tonnes,1.71875
675,MEDAK,other oilseeds,2014-15,Kharif,36,Hectare,47,Tonnes,1.305555556
676,NALGONDA,other oilseeds,2013-14,Kharif,119,Hectare,1499,Tonnes,12.59663866
677,NALGONDA,other oilseeds,2014-15,Kharif,114,Hectare,3062,Tonnes,26.85964912
678,NALGONDA,other oilseeds,2015-16,Kharif,155,Hectare,3314,Tonnes,21.38064516
679,RANGAREDDI,other oilseeds,2014-15,Kharif,6,Hectare,2,Tonnes,0.333333333
680,MAHBUBNAGAR,Potato,2013-14,Whole Year,2,Hectare,29,Tonnes,14.5
681,MAHBUBNAGAR,Potato,2014-15,Rabi,2,Hectare,27,Tonnes,13.5
682,MEDAK,Potato,2013-14,Whole Year,2997,Hectare,38830,Tonnes,12.95628962
683,MEDAK,Potato,2014-15,Rabi,2408,Hectare,28990,Tonnes,12.03903654
684,MEDAK,Potato,2015-16,Rabi,1671,Hectare,19825,Tonnes,11.8641532
685,RANGAREDDI,Potato,2013-14,Whole Year,513,Hectare,8552,Tonnes,16.6705653
686,RANGAREDDI,Potato,2014-15,Kharif,9,Hectare,173,Tonnes,19.22222222
687,RANGAREDDI,Potato,2014-15,Rabi,627,Hectare,12052,Tonnes,19.22169059
688,RANGAREDDI,Potato,2015-16,Rabi,549,Hectare,8641,Tonnes,15.73952641
689,ADILABAD,Ragi,2014-15,Rabi,8,Hectare,9,Tonnes,1.125
690,ADILABAD,Ragi,2015-16,Rabi,4,Hectare,2,Tonnes,0.5
691,MAHBUBNAGAR,Ragi,2013-14,Kharif,933,Hectare,1154,Tonnes,1.236870311
692,MAHBUBNAGAR,Ragi,2013-14,Rabi,184,Hectare,286,Tonnes,1.554347826
693,MAHBUBNAGAR,Ragi,2014-15,Kharif,879,Hectare,639,Tonnes,0.726962457
694,MAHBUBNAGAR,Ragi,2014-15,Rabi,206,Hectare,150,Tonnes,0.72815534
695,MAHBUBNAGAR,Ragi,2015-16,Kharif,587,Hectare,236,Tonnes,0.402044293
696,MAHBUBNAGAR,Ragi,2015-16,Rabi,118,Hectare,47,Tonnes,0.398305085
697,MEDAK,Ragi,2013-14,Kharif,10,Hectare,14,Tonnes,1.4
698,MEDAK,Ragi,2014-15,Kharif,5,Hectare,6,Tonnes,1.2
699,MEDAK,Ragi,2015-16,Kharif,4,Hectare,2,Tonnes,0.5
700,NIZAMABAD,Ragi,2014-15,Rabi,2,Hectare,2,Tonnes,1
701,RANGAREDDI,Ragi,2013-14,Kharif,261,Hectare,559,Tonnes,2.141762452
702,RANGAREDDI,Ragi,2013-14,Rabi,327,Hectare,508,Tonnes,1.55351682
703,RANGAREDDI,Ragi,2014-15,Kharif,312,Hectare,688,Tonnes,2.205128205
704,RANGAREDDI,Ragi,2014-15,Rabi,115,Hectare,254,Tonnes,2.208695652
705,RANGAREDDI,Ragi,2015-16,Kharif,151,Hectare,166,Tonnes,1.099337748
706,RANGAREDDI,Ragi,2015-16,Rabi,56,Hectare,61,Tonnes,1.089285714
707,ADILABAD,Rapeseed &Mustard,2013-14,Rabi,6,Hectare,4,Tonnes,0.666666667
708,ADILABAD,Rapeseed &Mustard,2014-15,Rabi,696,Hectare,1224,Tonnes,1.75862069
709,ADILABAD,Rapeseed &Mustard,2015-16,Rabi,281,Hectare,163,Tonnes,0.580071174
710,KARIMNAGAR,Rapeseed &Mustard,2013-14,Rabi,638,Hectare,426,Tonnes,0.667711599
711,KARIMNAGAR,Rapeseed &Mustard,2014-15,Rabi,1119,Hectare,2269,Tonnes,2.027703307
712,KARIMNAGAR,Rapeseed &Mustard,2015-16,Rabi,804,Hectare,1237,Tonnes,1.538557214
713,KHAMMAM,Rapeseed &Mustard,2013-14,Rabi,1,Hectare,1,Tonnes,1
714,MEDAK,Rapeseed &Mustard,2013-14,Rabi,4,Hectare,3,Tonnes,0.75
715,NIZAMABAD,Rapeseed &Mustard,2013-14,Rabi,194,Hectare,210,Tonnes,1.082474227
716,NIZAMABAD,Rapeseed &Mustard,2014-15,Rabi,439,Hectare,469,Tonnes,1.06833713
717,NIZAMABAD,Rapeseed &Mustard,2015-16,Rabi,280,Hectare,265,Tonnes,0.946428571
718,ADILABAD,Rice,2013-14,Kharif,65502,Hectare,175303,Tonnes,2.67629996
719,ADILABAD,Rice,2013-14,Rabi,25191,Hectare,73608,Tonnes,2.921995951
720,ADILABAD,Rice,2014-15,Kharif,36084,Hectare,81003,Tonnes,2.244845361
721,ADILABAD,Rice,2014-15,Rabi,13996,Hectare,45123,Tonnes,3.223992569
722,ADILABAD,Rice,2015-16,Kharif,42575,Hectare,108571,Tonnes,2.550111568
723,ADILABAD,Rice,2015-16,Rabi,14929,Hectare,43025,Tonnes,2.88197468
724,KARIMNAGAR,Rice,2013-14,Kharif,209454,Hectare,732042,Tonnes,3.495001289
725,KARIMNAGAR,Rice,2013-14,Rabi,208458,Hectare,768793,Tonnes,3.687999501
726,KARIMNAGAR,Rice,2014-15,Kharif,179282,Hectare,632136,Tonnes,3.525931215
727,KARIMNAGAR,Rice,2014-15,Rabi,99151,Hectare,358827,Tonnes,3.61899527
728,KARIMNAGAR,Rice,2015-16,Kharif,116345,Hectare,381263,Tonnes,3.277003739
729,KARIMNAGAR,Rice,2015-16,Rabi,54053,Hectare,172699,Tonnes,3.194993802
730,KHAMMAM,Rice,2013-14,Kharif,148142,Hectare,432575,Tonnes,2.92000243
731,KHAMMAM,Rice,2013-14,Rabi,43642,Hectare,142709,Tonnes,3.269992209
732,KHAMMAM,Rice,2014-15,Kharif,110439,Hectare,328435,Tonnes,2.973904146
733,KHAMMAM,Rice,2014-15,Rabi,35269,Hectare,127744,Tonnes,3.621990984
734,KHAMMAM,Rice,2015-16,Kharif,109579,Hectare,337054,Tonnes,3.075899579
735,KHAMMAM,Rice,2015-16,Rabi,12143,Hectare,32288,Tonnes,2.658980483
736,MAHBUBNAGAR,Rice,2013-14,Kharif,103744,Hectare,301561,Tonnes,2.906780151
737,MAHBUBNAGAR,Rice,2013-14,Rabi,64886,Hectare,177139,Tonnes,2.730003391
738,MAHBUBNAGAR,Rice,2014-15,Kharif,111302,Hectare,282357,Tonnes,2.536854684
739,MAHBUBNAGAR,Rice,2014-15,Rabi,49468,Hectare,135740,Tonnes,2.743996119
740,MAHBUBNAGAR,Rice,2015-16,Kharif,66075,Hectare,149451,Tonnes,2.26183882
741,MAHBUBNAGAR,Rice,2015-16,Rabi,30203,Hectare,65571,Tonnes,2.171009502
742,MEDAK,Rice,2013-14,Kharif,108639,Hectare,393985,Tonnes,3.626552159
743,MEDAK,Rice,2013-14,Rabi,62331,Hectare,230500,Tonnes,3.69799939
744,MEDAK,Rice,2014-15,Kharif,73983,Hectare,234342,Tonnes,3.167511455
745,MEDAK,Rice,2014-15,Rabi,36910,Hectare,128742,Tonnes,3.487997833
746,MEDAK,Rice,2015-16,Kharif,61512,Hectare,174884,Tonnes,2.843087528
747,MEDAK,Rice,2015-16,Rabi,22659,Hectare,64895,Tonnes,2.863983406
748,NALGONDA,Rice,2013-14,Kharif,192185,Hectare,546190,Tonnes,2.842001197
749,NALGONDA,Rice,2013-14,Rabi,201558,Hectare,659095,Tonnes,3.270001687
750,NALGONDA,Rice,2014-15,Kharif,177458,Hectare,549765,Tonnes,3.098000654
751,NALGONDA,Rice,2014-15,Rabi,145917,Hectare,491594,Tonnes,3.368997444
752,NALGONDA,Rice,2015-16,Kharif,127904,Hectare,390235,Tonnes,3.050999187
753,NALGONDA,Rice,2015-16,Rabi,84826,Hectare,230218,Tonnes,2.714002782
754,NIZAMABAD,Rice,2013-14,Kharif,152303,Hectare,622200,Tonnes,4.085277375
755,NIZAMABAD,Rice,2013-14,Rabi,108509,Hectare,421992,Tonnes,3.889004599
756,NIZAMABAD,Rice,2014-15,Kharif,112427,Hectare,404400,Tonnes,3.59700072
757,NIZAMABAD,Rice,2014-15,Rabi,56845,Hectare,216125,Tonnes,3.802005453
758,NIZAMABAD,Rice,2015-16,Kharif,80451,Hectare,208770,Tonnes,2.594995712
759,NIZAMABAD,Rice,2015-16,Rabi,17578,Hectare,54017,Tonnes,3.072988963
760,RANGAREDDI,Rice,2013-14,Kharif,27054,Hectare,62711,Tonnes,2.317993642
761,RANGAREDDI,Rice,2013-14,Rabi,17986,Hectare,40163,Tonnes,2.233014567
762,RANGAREDDI,Rice,2014-15,Kharif,23817,Hectare,60376,Tonnes,2.534996011
763,RANGAREDDI,Rice,2014-15,Rabi,11065,Hectare,30838,Tonnes,2.786985992
764,RANGAREDDI,Rice,2015-16,Kharif,17116,Hectare,44399,Tonnes,2.594005609
765,RANGAREDDI,Rice,2015-16,Rabi,7167,Hectare,17007,Tonnes,2.372959397
766,WARANGAL,Rice,2013-14,Kharif,159311,Hectare,501478,Tonnes,3.147792682
767,WARANGAL,Rice,2013-14,Rabi,95542,Hectare,299046,Tonnes,3.129995185
768,WARANGAL,Rice,2014-15,Kharif,95515,Hectare,282059,Tonnes,2.953033555
769,WARANGAL,Rice,2014-15,Rabi,46492,Hectare,155376,Tonnes,3.341994322
770,WARANGAL,Rice,2015-16,Kharif,127156,Hectare,402403,Tonnes,3.164640284
771,WARANGAL,Rice,2015-16,Rabi,53917,Hectare,170539,Tonnes,3.162991264
772,ADILABAD,Safflower,2013-14,Rabi,309,Hectare,218,Tonnes,0.705501618
773,ADILABAD,Safflower,2014-15,Rabi,41,Hectare,31,Tonnes,0.756097561
774,ADILABAD,Safflower,2015-16,Rabi,3,Hectare,2,Tonnes,0.666666667
775,MAHBUBNAGAR,Safflower,2013-14,Rabi,118,Hectare,83,Tonnes,0.703389831
776,MAHBUBNAGAR,Safflower,2014-15,Rabi,300,Hectare,224,Tonnes,0.746666667
777,MAHBUBNAGAR,Safflower,2015-16,Rabi,311,Hectare,518,Tonnes,1.665594855
778,MEDAK,Safflower,2013-14,Rabi,3915,Hectare,2388,Tonnes,0.609961686
779,MEDAK,Safflower,2014-15,Rabi,1561,Hectare,846,Tonnes,0.541960282
780,MEDAK,Safflower,2015-16,Rabi,2259,Hectare,1565,Tonnes,0.692784418
781,NIZAMABAD,Safflower,2013-14,Rabi,2284,Hectare,1608,Tonnes,0.704028021
782,NIZAMABAD,Safflower,2014-15,Rabi,1457,Hectare,1409,Tonnes,0.967055594
783,NIZAMABAD,Safflower,2015-16,Rabi,901,Hectare,204,Tonnes,0.226415094
784,RANGAREDDI,Safflower,2013-14,Rabi,1241,Hectare,1276,Tonnes,1.028203062
785,RANGAREDDI,Safflower,2014-15,Rabi,796,Hectare,590,Tonnes,0.74120603
786,RANGAREDDI,Safflower,2015-16,Rabi,381,Hectare,292,Tonnes,0.766404199
787,ADILABAD,Sesamum,2013-14,Kharif,117,Hectare,27,Tonnes,0.230769231
788,ADILABAD,Sesamum,2013-14,Rabi,4760,Hectare,1842,Tonnes,0.38697479
789,ADILABAD,Sesamum,2014-15,Kharif,622,Hectare,123,Tonnes,0.197749196
790,ADILABAD,Sesamum,2014-15,Rabi,4199,Hectare,2024,Tonnes,0.482019528
791,ADILABAD,Sesamum,2015-16,Kharif,386,Hectare,14,Tonnes,0.03626943
792,ADILABAD,Sesamum,2015-16,Rabi,3807,Hectare,997,Tonnes,0.261885999
793,KARIMNAGAR,Sesamum,2013-14,Rabi,6083,Hectare,3048,Tonnes,0.501068552
794,KARIMNAGAR,Sesamum,2014-15,Kharif,10,Hectare,2,Tonnes,0.2
795,KARIMNAGAR,Sesamum,2014-15,Rabi,7269,Hectare,3664,Tonnes,0.50405833
796,KARIMNAGAR,Sesamum,2015-16,Rabi,3332,Hectare,1003,Tonnes,0.301020408
797,KHAMMAM,Sesamum,2013-14,Kharif,493,Hectare,178,Tonnes,0.361054767
798,KHAMMAM,Sesamum,2013-14,Rabi,3179,Hectare,731,Tonnes,0.229946524
799,KHAMMAM,Sesamum,2014-15,Kharif,262,Hectare,80,Tonnes,0.305343511
800,KHAMMAM,Sesamum,2014-15,Rabi,864,Hectare,79,Tonnes,0.091435185
801,KHAMMAM,Sesamum,2015-16,Kharif,133,Hectare,32,Tonnes,0.240601504
802,KHAMMAM,Sesamum,2015-16,Rabi,317,Hectare,94,Tonnes,0.296529968
803,MAHBUBNAGAR,Sesamum,2013-14,Kharif,390,Hectare,89,Tonnes,0.228205128
804,MAHBUBNAGAR,Sesamum,2014-15,Kharif,747,Hectare,148,Tonnes,0.198125837
805,MAHBUBNAGAR,Sesamum,2014-15,Rabi,338,Hectare,158,Tonnes,0.467455621
806,MAHBUBNAGAR,Sesamum,2015-16,Kharif,509,Hectare,19,Tonnes,0.037328094
807,MEDAK,Sesamum,2013-14,Kharif,162,Hectare,37,Tonnes,0.228395062
808,MEDAK,Sesamum,2013-14,Rabi,108,Hectare,43,Tonnes,0.398148148
809,MEDAK,Sesamum,2014-15,Kharif,364,Hectare,72,Tonnes,0.197802198
810,MEDAK,Sesamum,2014-15,Rabi,246,Hectare,115,Tonnes,0.467479675
811,MEDAK,Sesamum,2015-16,Kharif,201,Hectare,7,Tonnes,0.034825871
812,MEDAK,Sesamum,2015-16,Rabi,86,Hectare,24,Tonnes,0.279069767
813,NALGONDA,Sesamum,2013-14,Kharif,1542,Hectare,327,Tonnes,0.212062257
814,NALGONDA,Sesamum,2013-14,Rabi,7,Hectare,3,Tonnes,0.428571429
815,NALGONDA,Sesamum,2014-15,Kharif,608,Hectare,57,Tonnes,0.09375
816,NALGONDA,Sesamum,2015-16,Kharif,381,Hectare,32,Tonnes,0.083989501
817,NALGONDA,Sesamum,2015-16,Rabi,1,Hectare,0,Tonnes,0
818,NIZAMABAD,Sesamum,2013-14,Rabi,4047,Hectare,1623,Tonnes,0.401037806
819,NIZAMABAD,Sesamum,2014-15,Rabi,5159,Hectare,2409,Tonnes,0.466950959
820,NIZAMABAD,Sesamum,2015-16,Rabi,2193,Hectare,616,Tonnes,0.280893753
821,RANGAREDDI,Sesamum,2013-14,Kharif,214,Hectare,49,Tonnes,0.228971963
822,RANGAREDDI,Sesamum,2014-15,Kharif,236,Hectare,47,Tonnes,0.199152542
823,RANGAREDDI,Sesamum,2015-16,Kharif,173,Hectare,6,Tonnes,0.034682081
824,WARANGAL,Sesamum,2013-14,Kharif,2795,Hectare,593,Tonnes,0.21216458
825,WARANGAL,Sesamum,2013-14,Rabi,300,Hectare,120,Tonnes,0.4
826,WARANGAL,Sesamum,2014-15,Kharif,2631,Hectare,558,Tonnes,0.212086659
827,WARANGAL,Sesamum,2014-15,Rabi,249,Hectare,116,Tonnes,0.465863454
828,WARANGAL,Sesamum,2015-16,Kharif,2229,Hectare,38,Tonnes,0.017048004
829,WARANGAL,Sesamum,2015-16,Rabi,129,Hectare,36,Tonnes,0.279069767
830,MAHBUBNAGAR,Small millets,2013-14,Kharif,882,Hectare,665,Tonnes,0.753968254
831,MAHBUBNAGAR,Small millets,2014-15,Kharif,134,Hectare,85,Tonnes,0.634328358
832,MAHBUBNAGAR,Small millets,2015-16,Kharif,1241,Hectare,989,Tonnes,0.796937953
833,MAHBUBNAGAR,Small millets,2015-16,Rabi,64,Hectare,51,Tonnes,0.796875
834,MEDAK,Small millets,2015-16,Kharif,5,Hectare,4,Tonnes,0.8
835,ADILABAD,Soyabean,2013-14,Kharif,113558,Hectare,131273,Tonnes,1.155999577
836,ADILABAD,Soyabean,2014-15,Kharif,105907,Hectare,87585,Tonnes,0.82699916
837,ADILABAD,Soyabean,2015-16,Kharif,96367,Hectare,96367,Tonnes,1
838,KARIMNAGAR,Soyabean,2013-14,Kharif,12294,Hectare,19793,Tonnes,1.609972344
839,KARIMNAGAR,Soyabean,2014-15,Kharif,16533,Hectare,17872,Tonnes,1.080989536
840,KARIMNAGAR,Soyabean,2015-16,Kharif,9328,Hectare,11921,Tonnes,1.277980274
841,KHAMMAM,Soyabean,2013-14,Kharif,91,Hectare,147,Tonnes,1.615384615
842,MAHBUBNAGAR,Soyabean,2014-15,Kharif,4,Hectare,4,Tonnes,1
843,MEDAK,Soyabean,2013-14,Kharif,15597,Hectare,21758,Tonnes,1.395011861
844,MEDAK,Soyabean,2014-15,Kharif,21550,Hectare,22261,Tonnes,1.032993039
845,MEDAK,Soyabean,2015-16,Kharif,26007,Hectare,24811,Tonnes,0.954012381
846,NALGONDA,Soyabean,2013-14,Kharif,8,Hectare,13,Tonnes,1.625
847,NIZAMABAD,Soyabean,2013-14,Kharif,99796,Hectare,215559,Tonnes,2.159996393
848,NIZAMABAD,Soyabean,2014-15,Kharif,97431,Hectare,133286,Tonnes,1.368004023
849,NIZAMABAD,Soyabean,2014-15,Rabi,117,Hectare,160,Tonnes,1.367521368
850,NIZAMABAD,Soyabean,2015-16,Kharif,109589,Hectare,116931,Tonnes,1.066995775
851,NIZAMABAD,Soyabean,2015-16,Rabi,367,Hectare,392,Tonnes,1.068119891
852,RANGAREDDI,Soyabean,2013-14,Kharif,952,Hectare,1533,Tonnes,1.610294118
853,RANGAREDDI,Soyabean,2013-14,Rabi,6,Hectare,10,Tonnes,1.666666667
854,RANGAREDDI,Soyabean,2014-15,Kharif,647,Hectare,699,Tonnes,1.080370943
855,RANGAREDDI,Soyabean,2015-16,Kharif,1326,Hectare,1375,Tonnes,1.036953243
856,WARANGAL,Soyabean,2013-14,Kharif,142,Hectare,229,Tonnes,1.612676056
857,WARANGAL,Soyabean,2013-14,Rabi,8,Hectare,13,Tonnes,1.625
858,WARANGAL,Soyabean,2014-15,Kharif,445,Hectare,481,Tonnes,1.080898876
859,WARANGAL,Soyabean,2014-15,Rabi,5,Hectare,5,Tonnes,1
860,WARANGAL,Soyabean,2015-16,Kharif,185,Hectare,192,Tonnes,1.037837838
861,WARANGAL,Soyabean,2015-16,Rabi,27,Hectare,28,Tonnes,1.037037037
862,ADILABAD,Sugarcane,2013-14,Kharif,2,Hectare,176,Tonnes,88
863,ADILABAD,Sugarcane,2014-15,Kharif,3,Hectare,263,Tonnes,87.66666667
864,ADILABAD,Sugarcane,2015-16,Kharif,12,Hectare,840,Tonnes,70
865,KARIMNAGAR,Sugarcane,2013-14,Kharif,2016,Hectare,165000,Tonnes,81.8452381
866,KARIMNAGAR,Sugarcane,2014-15,Kharif,2046,Hectare,165728,Tonnes,81.00097752
867,KARIMNAGAR,Sugarcane,2015-16,Kharif,747,Hectare,58779,Tonnes,78.68674699
868,KHAMMAM,Sugarcane,2013-14,Kharif,5140,Hectare,490001,Tonnes,95.33093385
869,KHAMMAM,Sugarcane,2014-15,Kharif,5581,Hectare,464088,Tonnes,83.15499015
870,KHAMMAM,Sugarcane,2015-16,Kharif,5420,Hectare,444383,Tonnes,81.98948339
871,MAHBUBNAGAR,Sugarcane,2013-14,Kharif,1927,Hectare,138000,Tonnes,71.61390763
872,MAHBUBNAGAR,Sugarcane,2014-15,Kharif,1320,Hectare,109160,Tonnes,82.6969697
873,MAHBUBNAGAR,Sugarcane,2015-16,Kharif,2160,Hectare,130866,Tonnes,60.58611111
874,MEDAK,Sugarcane,2013-14,Kharif,21419,Hectare,1857006,Tonnes,86.69900556
875,MEDAK,Sugarcane,2014-15,Kharif,22076,Hectare,1997436,Tonnes,90.47997826
876,MEDAK,Sugarcane,2015-16,Kharif,17776,Hectare,1210423,Tonnes,68.09310306
877,NALGONDA,Sugarcane,2013-14,Kharif,910,Hectare,87000,Tonnes,95.6043956
878,NALGONDA,Sugarcane,2014-15,Kharif,743,Hectare,61839,Tonnes,83.22880215
879,NALGONDA,Sugarcane,2015-16,Kharif,1228,Hectare,108367,Tonnes,88.24674267
880,NIZAMABAD,Sugarcane,2013-14,Kharif,7032,Hectare,583002,Tonnes,82.90699659
881,NIZAMABAD,Sugarcane,2014-15,Kharif,5429,Hectare,473572,Tonnes,87.23006078
882,NIZAMABAD,Sugarcane,2015-16,Kharif,6425,Hectare,388471,Tonnes,60.46241245
883,RANGAREDDI,Sugarcane,2013-14,Kharif,858,Hectare,56000,Tonnes,65.26806527
884,RANGAREDDI,Sugarcane,2014-15,Kharif,941,Hectare,70949,Tonnes,75.39744952
885,RANGAREDDI,Sugarcane,2015-16,Kharif,1126,Hectare,62456,Tonnes,55.46714032
886,WARANGAL,Sugarcane,2013-14,Kharif,5,Hectare,440,Tonnes,88
887,WARANGAL,Sugarcane,2015-16,Kharif,1,Hectare,70,Tonnes,70
888,ADILABAD,Sunflower,2013-14,Rabi,473,Hectare,763,Tonnes,1.613107822
889,ADILABAD,Sunflower,2014-15,Rabi,530,Hectare,494,Tonnes,0.932075472
890,ADILABAD,Sunflower,2015-16,Rabi,126,Hectare,104,Tonnes,0.825396825
891,KARIMNAGAR,Sunflower,2013-14,Rabi,204,Hectare,294,Tonnes,1.441176471
892,KARIMNAGAR,Sunflower,2014-15,Rabi,542,Hectare,810,Tonnes,1.494464945
893,KARIMNAGAR,Sunflower,2015-16,Rabi,516,Hectare,712,Tonnes,1.379844961
894,KHAMMAM,Sunflower,2013-14,Rabi,132,Hectare,127,Tonnes,0.962121212
895,KHAMMAM,Sunflower,2014-15,Rabi,68,Hectare,97,Tonnes,1.426470588
896,KHAMMAM,Sunflower,2015-16,Rabi,84,Hectare,99,Tonnes,1.178571429
897,MAHBUBNAGAR,Sunflower,2013-14,Kharif,1831,Hectare,1571,Tonnes,0.858001092
898,MAHBUBNAGAR,Sunflower,2013-14,Rabi,1984,Hectare,2093,Tonnes,1.054939516
899,MAHBUBNAGAR,Sunflower,2014-15,Kharif,1244,Hectare,1268,Tonnes,1.019292605
900,MAHBUBNAGAR,Sunflower,2014-15,Rabi,1597,Hectare,1131,Tonnes,0.70820288
901,MAHBUBNAGAR,Sunflower,2015-16,Kharif,875,Hectare,796,Tonnes,0.909714286
902,MAHBUBNAGAR,Sunflower,2015-16,Rabi,326,Hectare,155,Tonnes,0.475460123
903,MEDAK,Sunflower,2013-14,Kharif,198,Hectare,170,Tonnes,0.858585859
904,MEDAK,Sunflower,2013-14,Rabi,7354,Hectare,9244,Tonnes,1.257002992
905,MEDAK,Sunflower,2014-15,Kharif,102,Hectare,104,Tonnes,1.019607843
906,MEDAK,Sunflower,2014-15,Rabi,7144,Hectare,12445,Tonnes,1.742021277
907,MEDAK,Sunflower,2015-16,Kharif,35,Hectare,32,Tonnes,0.914285714
908,MEDAK,Sunflower,2015-16,Rabi,5161,Hectare,7514,Tonnes,1.455919395
909,NALGONDA,Sunflower,2013-14,Rabi,185,Hectare,177,Tonnes,0.956756757
910,NALGONDA,Sunflower,2014-15,Rabi,56,Hectare,80,Tonnes,1.428571429
911,NALGONDA,Sunflower,2015-16,Rabi,12,Hectare,14,Tonnes,1.166666667
912,NIZAMABAD,Sunflower,2013-14,Rabi,6920,Hectare,3854,Tonnes,0.556936416
913,NIZAMABAD,Sunflower,2014-15,Rabi,6827,Hectare,8875,Tonnes,1.299985352
914,NIZAMABAD,Sunflower,2015-16,Rabi,4264,Hectare,3731,Tonnes,0.875
915,RANGAREDDI,Sunflower,2013-14,Kharif,11,Hectare,9,Tonnes,0.818181818
916,RANGAREDDI,Sunflower,2013-14,Rabi,280,Hectare,269,Tonnes,0.960714286
917,RANGAREDDI,Sunflower,2014-15,Kharif,23,Hectare,23,Tonnes,1
918,RANGAREDDI,Sunflower,2014-15,Rabi,217,Hectare,310,Tonnes,1.428571429
919,RANGAREDDI,Sunflower,2015-16,Rabi,134,Hectare,157,Tonnes,1.171641791
920,WARANGAL,Sunflower,2013-14,Rabi,48,Hectare,46,Tonnes,0.958333333
921,WARANGAL,Sunflower,2014-15,Rabi,21,Hectare,30,Tonnes,1.428571429
922,WARANGAL,Sunflower,2015-16,Rabi,14,Hectare,16,Tonnes,1.142857143
923,ADILABAD,Sweet potato,2014-15,Rabi,15,Hectare,116,Tonnes,7.733333333
924,ADILABAD,Sweet potato,2015-16,Rabi,13,Hectare,184,Tonnes,14.15384615
925,KARIMNAGAR,Sweet potato,2014-15,Kharif,2,Hectare,16,Tonnes,8
926,KHAMMAM,Sweet potato,2014-15,Rabi,16,Hectare,124,Tonnes,7.75
927,KHAMMAM,Sweet potato,2015-16,Rabi,7,Hectare,99,Tonnes,14.14285714
928,RANGAREDDI,Sweet potato,2013-14,Whole Year,19,Hectare,166,Tonnes,8.736842105
929,RANGAREDDI,Sweet potato,2014-15,Kharif,5,Hectare,39,Tonnes,7.8
930,RANGAREDDI,Sweet potato,2014-15,Rabi,23,Hectare,178,Tonnes,7.739130435
931,RANGAREDDI,Sweet potato,2015-16,Rabi,25,Hectare,169,Tonnes,6.76
932,WARANGAL,Sweet potato,2013-14,Whole Year,90,Hectare,576,Tonnes,6.4
933,WARANGAL,Sweet potato,2014-15,Rabi,42,Hectare,326,Tonnes,7.761904762
934,WARANGAL,Sweet potato,2015-16,Rabi,42,Hectare,778,Tonnes,18.52380952
935,ADILABAD,Tobacco,2014-15,Rabi,21,Hectare,50,Tonnes,2.380952381
936,ADILABAD,Tobacco,2015-16,Kharif,2,Hectare,9,Tonnes,4.5
937,ADILABAD,Tobacco,2015-16,Rabi,33,Hectare,78,Tonnes,2.363636364
938,KARIMNAGAR,Tobacco,2013-14,Rabi,8,Hectare,35,Tonnes,4.375
939,KARIMNAGAR,Tobacco,2014-15,Rabi,8,Hectare,31,Tonnes,3.875
940,KARIMNAGAR,Tobacco,2015-16,Kharif,5,Hectare,23,Tonnes,4.6
941,KARIMNAGAR,Tobacco,2015-16,Rabi,38,Hectare,173,Tonnes,4.552631579
942,KHAMMAM,Tobacco,2013-14,Rabi,1986,Hectare,4502,Tonnes,2.266868077
943,KHAMMAM,Tobacco,2014-15,Rabi,2256,Hectare,6035,Tonnes,2.675088652
944,KHAMMAM,Tobacco,2015-16,Rabi,2235,Hectare,6266,Tonnes,2.803579418
945,MAHBUBNAGAR,Tobacco,2013-14,Kharif,1778,Hectare,2226,Tonnes,1.251968504
946,MAHBUBNAGAR,Tobacco,2013-14,Rabi,879,Hectare,1101,Tonnes,1.252559727
947,MAHBUBNAGAR,Tobacco,2014-15,Kharif,1178,Hectare,2305,Tonnes,1.956706282
948,MAHBUBNAGAR,Tobacco,2014-15,Rabi,1154,Hectare,2258,Tonnes,1.956672444
949,MAHBUBNAGAR,Tobacco,2015-16,Kharif,1187,Hectare,2816,Tonnes,2.372367313
950,MAHBUBNAGAR,Tobacco,2015-16,Rabi,1177,Hectare,2792,Tonnes,2.37213254
951,MEDAK,Tobacco,2013-14,Rabi,37,Hectare,46,Tonnes,1.243243243
952,MEDAK,Tobacco,2014-15,Rabi,22,Hectare,43,Tonnes,1.954545455
953,MEDAK,Tobacco,2015-16,Rabi,23,Hectare,105,Tonnes,4.565217391
954,NALGONDA,Tobacco,2013-14,Kharif,30,Hectare,130,Tonnes,4.333333333
955,NALGONDA,Tobacco,2013-14,Rabi,51,Hectare,221,Tonnes,4.333333333
956,NALGONDA,Tobacco,2014-15,Kharif,26,Hectare,101,Tonnes,3.884615385
957,NALGONDA,Tobacco,2014-15,Rabi,75,Hectare,291,Tonnes,3.88
958,NALGONDA,Tobacco,2015-16,Kharif,12,Hectare,55,Tonnes,4.583333333
959,NALGONDA,Tobacco,2015-16,Rabi,11,Hectare,50,Tonnes,4.545454545
960,NIZAMABAD,Tobacco,2013-14,Rabi,878,Hectare,3813,Tonnes,4.342824601
961,NIZAMABAD,Tobacco,2014-15,Rabi,945,Hectare,3664,Tonnes,3.877248677
962,NIZAMABAD,Tobacco,2015-16,Kharif,250,Hectare,596,Tonnes,2.384
963,NIZAMABAD,Tobacco,2015-16,Rabi,637,Hectare,1511,Tonnes,2.372056515
964,WARANGAL,Tobacco,2013-14,Kharif,410,Hectare,1533,Tonnes,3.73902439
965,WARANGAL,Tobacco,2014-15,Kharif,330,Hectare,1060,Tonnes,3.212121212
966,WARANGAL,Tobacco,2014-15,Rabi,70,Hectare,137,Tonnes,1.957142857
967,WARANGAL,Tobacco,2015-16,Kharif,56,Hectare,203,Tonnes,3.625
968,WARANGAL,Tobacco,2015-16,Rabi,125,Hectare,480,Tonnes,3.84
969,ADILABAD,Turmeric,2013-14,Kharif,6083,Hectare,40884,Tonnes,6.72102581
970,ADILABAD,Turmeric,2014-15,Kharif,7089,Hectare,45745,Tonnes,6.452955283
971,ADILABAD,Turmeric,2015-16,Kharif,7719,Hectare,41474,Tonnes,5.372975774
972,KARIMNAGAR,Turmeric,2013-14,Kharif,14487,Hectare,91312,Tonnes,6.303030303
973,KARIMNAGAR,Turmeric,2014-15,Kharif,10363,Hectare,64986,Tonnes,6.270964007
974,KARIMNAGAR,Turmeric,2015-16,Kharif,10600,Hectare,53975,Tonnes,5.091981132
975,KHAMMAM,Turmeric,2013-14,Kharif,252,Hectare,1280,Tonnes,5.079365079
976,KHAMMAM,Turmeric,2014-15,Kharif,172,Hectare,856,Tonnes,4.976744186
977,KHAMMAM,Turmeric,2015-16,Kharif,184,Hectare,797,Tonnes,4.331521739
978,MAHBUBNAGAR,Turmeric,2013-14,Kharif,25,Hectare,127,Tonnes,5.08
979,MAHBUBNAGAR,Turmeric,2014-15,Kharif,36,Hectare,179,Tonnes,4.972222222
980,MAHBUBNAGAR,Turmeric,2015-16,Kharif,8,Hectare,35,Tonnes,4.375
981,MEDAK,Turmeric,2013-14,Kharif,1385,Hectare,3974,Tonnes,2.869314079
982,MEDAK,Turmeric,2014-15,Kharif,1566,Hectare,3715,Tonnes,2.372286079
983,MEDAK,Turmeric,2015-16,Kharif,1179,Hectare,5109,Tonnes,4.333333333
984,NALGONDA,Turmeric,2013-14,Kharif,10,Hectare,51,Tonnes,5.1
985,NALGONDA,Turmeric,2014-15,Kharif,1,Hectare,5,Tonnes,5
986,NALGONDA,Turmeric,2015-16,Kharif,2,Hectare,9,Tonnes,4.5
987,NIZAMABAD,Turmeric,2013-14,Kharif,13250,Hectare,55359,Tonnes,4.178037736
988,NIZAMABAD,Turmeric,2014-15,Kharif,12458,Hectare,47004,Tonnes,3.772997271
989,NIZAMABAD,Turmeric,2015-16,Kharif,12242,Hectare,33825,Tonnes,2.763028917
990,RANGAREDDI,Turmeric,2013-14,Kharif,3740,Hectare,12028,Tonnes,3.216042781
991,RANGAREDDI,Turmeric,2014-15,Kharif,3303,Hectare,11336,Tonnes,3.432031487
992,RANGAREDDI,Turmeric,2015-16,Kharif,2253,Hectare,7822,Tonnes,3.471815357
993,WARANGAL,Turmeric,2013-14,Kharif,10406,Hectare,47046,Tonnes,4.521045551
994,WARANGAL,Turmeric,2014-15,Kharif,8482,Hectare,42410,Tonnes,5
995,WARANGAL,Turmeric,2015-16,Kharif,8348,Hectare,41239,Tonnes,4.939985625
996,ADILABAD,Urad,2013-14,Kharif,6563,Hectare,5729,Tonnes,0.872923968
997,ADILABAD,Urad,2013-14,Rabi,296,Hectare,290,Tonnes,0.97972973
998,ADILABAD,Urad,2014-15,Kharif,3460,Hectare,3045,Tonnes,0.880057803
999,ADILABAD,Urad,2014-15,Rabi,202,Hectare,82,Tonnes,0.405940594
1000,ADILABAD,Urad,2015-16,Kharif,3276,Hectare,2519,Tonnes,0.768925519
1001,ADILABAD,Urad,2015-16,Rabi,230,Hectare,181,Tonnes,0.786956522
1002,KARIMNAGAR,Urad,2013-14,Kharif,101,Hectare,83,Tonnes,0.821782178
1003,KARIMNAGAR,Urad,2013-14,Rabi,4468,Hectare,4379,Tonnes,0.980080573
1004,KARIMNAGAR,Urad,2014-15,Kharif,68,Hectare,45,Tonnes,0.661764706
1005,KARIMNAGAR,Urad,2014-15,Rabi,2315,Hectare,940,Tonnes,0.406047516
1006,KARIMNAGAR,Urad,2015-16,Kharif,347,Hectare,161,Tonnes,0.463976945
1007,KARIMNAGAR,Urad,2015-16,Rabi,1424,Hectare,1122,Tonnes,0.787921348
1008,KHAMMAM,Urad,2013-14,Kharif,28,Hectare,23,Tonnes,0.821428571
1009,KHAMMAM,Urad,2013-14,Rabi,2118,Hectare,2234,Tonnes,1.05476865
1010,KHAMMAM,Urad,2014-15,Kharif,16,Hectare,10,Tonnes,0.625
1011,KHAMMAM,Urad,2014-15,Rabi,2025,Hectare,822,Tonnes,0.405925926
1012,KHAMMAM,Urad,2015-16,Kharif,37,Hectare,17,Tonnes,0.459459459
1013,KHAMMAM,Urad,2015-16,Rabi,1687,Hectare,1677,Tonnes,0.994072318
1014,MAHBUBNAGAR,Urad,2013-14,Kharif,1016,Hectare,835,Tonnes,0.821850394
1015,MAHBUBNAGAR,Urad,2013-14,Rabi,44,Hectare,43,Tonnes,0.977272727
1016,MAHBUBNAGAR,Urad,2014-15,Kharif,577,Hectare,379,Tonnes,0.656845754
1017,MAHBUBNAGAR,Urad,2014-15,Rabi,891,Hectare,362,Tonnes,0.406285073
1018,MAHBUBNAGAR,Urad,2015-16,Kharif,596,Hectare,277,Tonnes,0.464765101
1019,MAHBUBNAGAR,Urad,2015-16,Rabi,1560,Hectare,1229,Tonnes,0.787820513
1020,MEDAK,Urad,2013-14,Kharif,13172,Hectare,10077,Tonnes,0.765031886
1021,MEDAK,Urad,2014-15,Kharif,8255,Hectare,5069,Tonnes,0.61405209
1022,MEDAK,Urad,2014-15,Rabi,29,Hectare,12,Tonnes,0.413793103
1023,MEDAK,Urad,2015-16,Kharif,12943,Hectare,5112,Tonnes,0.394962528
1024,MEDAK,Urad,2015-16,Rabi,22,Hectare,17,Tonnes,0.772727273
1025,NALGONDA,Urad,2013-14,Rabi,764,Hectare,334,Tonnes,0.437172775
1026,NALGONDA,Urad,2014-15,Rabi,519,Hectare,211,Tonnes,0.40655106
1027,NALGONDA,Urad,2015-16,Rabi,941,Hectare,392,Tonnes,0.416578108
1028,NIZAMABAD,Urad,2013-14,Kharif,5696,Hectare,4044,Tonnes,0.70997191
1029,NIZAMABAD,Urad,2013-14,Rabi,865,Hectare,848,Tonnes,0.980346821
1030,NIZAMABAD,Urad,2014-15,Kharif,4144,Hectare,1297,Tonnes,0.312982625
1031,NIZAMABAD,Urad,2014-15,Rabi,689,Hectare,280,Tonnes,0.406386067
1032,NIZAMABAD,Urad,2015-16,Kharif,3325,Hectare,1144,Tonnes,0.34406015
1033,NIZAMABAD,Urad,2015-16,Rabi,1276,Hectare,1005,Tonnes,0.787617555
1034,RANGAREDDI,Urad,2013-14,Kharif,5268,Hectare,5384,Tonnes,1.022019742
1035,RANGAREDDI,Urad,2014-15,Kharif,3306,Hectare,3161,Tonnes,0.956140351
1036,RANGAREDDI,Urad,2015-16,Kharif,3402,Hectare,1868,Tonnes,0.549088771
1037,RANGAREDDI,Urad,2015-16,Rabi,5,Hectare,4,Tonnes,0.8
1038,WARANGAL,Urad,2013-14,Kharif,246,Hectare,202,Tonnes,0.821138211
1039,WARANGAL,Urad,2013-14,Rabi,918,Hectare,900,Tonnes,0.980392157
1040,WARANGAL,Urad,2014-15,Kharif,25,Hectare,16,Tonnes,0.64
1041,WARANGAL,Urad,2014-15,Rabi,1494,Hectare,607,Tonnes,0.406291834
1042,WARANGAL,Urad,2015-16,Kharif,29,Hectare,13,Tonnes,0.448275862
1043,WARANGAL,Urad,2015-16,Rabi,981,Hectare,773,Tonnes,0.787971458
1044,ADILABAD,Wheat,2013-14,Rabi,3170,Hectare,586,Tonnes,0.184858044
1045,ADILABAD,Wheat,2014-15,Rabi,2997,Hectare,3563,Tonnes,1.188855522
1046,ADILABAD,Wheat,2015-16,Rabi,2728,Hectare,13329,Tonnes,4.885997067
1047,MAHBUBNAGAR,Wheat,2013-14,Rabi,13,Hectare,8,Tonnes,0.615384615
1048,MAHBUBNAGAR,Wheat,2014-15,Rabi,1,Hectare,1,Tonnes,1
1049,MEDAK,Wheat,2013-14,Rabi,2118,Hectare,1711,Tonnes,0.807837583
1050,MEDAK,Wheat,2014-15,Rabi,1246,Hectare,933,Tonnes,0.748796148
1051,MEDAK,Wheat,2015-16,Rabi,1207,Hectare,906,Tonnes,0.750621375
1052,NIZAMABAD,Wheat,2013-14,Rabi,1170,Hectare,1706,Tonnes,1.458119658
1053,NIZAMABAD,Wheat,2014-15,Rabi,1196,Hectare,1971,Tonnes,1.647993311
1054,NIZAMABAD,Wheat,2015-16,Rabi,814,Hectare,1890,Tonnes,2.321867322
1055,RANGAREDDI,Wheat,2013-14,Rabi,568,Hectare,355,Tonnes,0.625
1056,RANGAREDDI,Wheat,2014-15,Rabi,388,Hectare,461,Tonnes,1.18814433
1057,RANGAREDDI,Wheat,2015-16,Rabi,203,Hectare,777,Tonnes,3.827586207
